"","spp","Species","unique_id","tissue_age","date","year","location","lfm","water_potential"
"1","ABCO","A. concolor","ABCO_N_1_1.1","new",2021-04-24,2021,"CZO",136.7987918,-0.765
"2","ABCO","A. concolor","ABCO_N_1_1.2","new",2021-04-24,2021,"CZO",140.4427031,-0.97
"3","ABCO","A. concolor","ABCO_N_1_1.3","new",2021-04-24,2021,"CZO",124.6264749,-1.125
"4","ABCO","A. concolor","ABCO_N_1_1.4","new",2021-04-24,2021,"CZO",124.2028867,-0.935
"5","ABCO","A. concolor","ABCO_N_1_1.5","new",2021-04-24,2021,"CZO",131.0974719,-1.115
"6","ABCO","A. concolor","ABCO_N_1_1.6","new",2021-04-24,2021,"CZO",127.7849324,-0.89
"7","ABCO","A. concolor","ABCO_N_2_2.1","new",2021-04-24,2021,"CZO",136.6259488,-1.545
"8","ABCO","A. concolor","ABCO_N_2_2.2","new",2021-04-24,2021,"CZO",133.7575195,-0.815
"9","ABCO","A. concolor","ABCO_N_2_2.3","new",2021-04-24,2021,"CZO",131.6718142,-1.57
"10","ABCO","A. concolor","ABCO_N_2_2.4","new",2021-04-24,2021,"CZO",118.928846,-1.56
"11","ABCO","A. concolor","ABCO_N_2_2.5","new",2021-04-24,2021,"CZO",126.2829053,-1.48
"12","ABCO","A. concolor","ABCO_New_1_1","new",2020-08-04,2020,"CZO",189.9899179,-1.7
"13","ABCO","A. concolor","ABCO_New_1_1","new",2020-08-26,2020,"CZO",168.0235936,-1.9385
"14","ABCO","A. concolor","ABCO_new_1_1.1","new",2021-06-16,2021,"CZO",191.9749403,-2.17
"15","ABCO","A. concolor","ABCO_new_1_1.1","new",2021-07-30,2021,"CZO",190.8559853,-2.05
"16","ABCO","A. concolor","ABCO_new_1_1.1","new",2021-09-16,2021,"CZO",136.0741386,-1.86
"17","ABCO","A. concolor","ABCO_new_1_1.2","new",2021-07-08,2021,"CZO",266.5707434,-2.136666667
"18","ABCO","A. concolor","ABCO_new_1_1.2","new",2021-08-19,2021,"CZO",161.8935469,-2.045
"19","ABCO","A. concolor","ABCO_new_1_1.2","new",2021-09-16,2021,"CZO",194.0756397,-1.96
"20","ABCO","A. concolor","ABCO_new_1_1.2","new",2021-10-16,2021,"CZO",221.149576,-1.97
"21","ABCO","A. concolor","ABCO_new_1_1.3","new",2021-05-15,2021,"CZO",121.9488833,-0.795
"22","ABCO","A. concolor","ABCO_new_1_1.3","new",2021-07-30,2021,"CZO",183.8530411,-2.046666667
"23","ABCO","A. concolor","ABCO_new_1_1.3","new",2021-08-19,2021,"CZO",152.3414655,-2.005
"24","ABCO","A. concolor","ABCO_new_1_1.3","new",2021-09-16,2021,"CZO",145.0229112,-2.235
"25","ABCO","A. concolor","ABCO_new_1_1.3","new",2021-10-16,2021,"CZO",128.5439901,-1.9
"26","ABCO","A. concolor","ABCO_new_1_1.4","new",2021-07-08,2021,"CZO",267.8534393,-2.27
"27","ABCO","A. concolor","ABCO_new_1_1.4","new",2021-10-16,2021,"CZO",130.7082925,-1.9
"28","ABCO","A. concolor","ABCO_new_1_1.5","new",2021-07-30,2021,"CZO",116.507718,-2.275
"29","ABCO","A. concolor","ABCO_new_1_1.5","new",2021-08-19,2021,"CZO",133.5897057,-2.21
"30","ABCO","A. concolor","ABCO_new_1_1.6","new",2021-05-15,2021,"CZO",117.0487395,-1.515
"31","ABCO","A. concolor","ABCO_new_1_1.6","new",2021-07-08,2021,"CZO",249.5819519,-2.193333333
"32","ABCO","A. concolor","ABCO_new_1_1.6","new",2021-07-30,2021,"CZO",147.7605512,-2.16
"33","ABCO","A. concolor","ABCO_new_1_1.6","new",2021-08-19,2021,"CZO",140.6290549,-2.115
"34","ABCO","A. concolor","ABCO_new_1_1.6","new",2021-09-16,2021,"CZO",158.148316,-2.195
"35","ABCO","A. concolor","ABCO_new_1_1.6","new",2021-10-16,2021,"CZO",138.9745866,-1.825
"36","ABCO","A. concolor","ABCO_New_1_2","new",2020-08-04,2020,"CZO",191.0454938,-1.92
"37","ABCO","A. concolor","ABCO_New_1_2","new",2020-08-26,2020,"CZO",172.4758793,-2.3915
"38","ABCO","A. concolor","ABCO_New_1_2","new",2020-10-19,2020,"SEKI",161.9039524,-2.0865
"39","ABCO","A. concolor","ABCO_New_1_3","new",2020-08-04,2020,"CZO",177.085171,-1.805
"40","ABCO","A. concolor","ABCO_New_1_3","new",2020-08-26,2020,"CZO",183.0025152,-1.9645
"41","ABCO","A. concolor","ABCO_New_1_3","new",2020-10-19,2020,"SEKI",166.799407,-2.0355
"42","ABCO","A. concolor","ABCO_New_1_4","new",2020-08-04,2020,"CZO",173.710297,-1.8
"43","ABCO","A. concolor","ABCO_New_1_4","new",2020-08-26,2020,"CZO",172.039528,-2.3265
"44","ABCO","A. concolor","ABCO_New_1_4","new",2020-10-19,2020,"SEKI",160.0374515,-2.265
"45","ABCO","A. concolor","ABCO_New_1_5","new",2020-08-04,2020,"CZO",178.7627112,-1.925
"46","ABCO","A. concolor","ABCO_New_1_5","new",2020-08-26,2020,"CZO",171.456421,-2.2285
"47","ABCO","A. concolor","ABCO_New_1_5","new",2020-10-19,2020,"SEKI",160.7845977,-2.202
"48","ABCO","A. concolor","ABCO_New_1_6","new",2020-08-04,2020,"CZO",174.6981691,-1.445
"49","ABCO","A. concolor","ABCO_New_1_6","new",2020-08-26,2020,"CZO",165.8264518,-2.019
"50","ABCO","A. concolor","ABCO_New_1_6","new",2020-10-19,2020,"SEKI",161.4821905,-2.2345
"51","ABCO","A. concolor","ABCO_New_2_1","new",2020-08-04,2020,"CZO",239.6032968,-1.865
"52","ABCO","A. concolor","ABCO_New_2_1","new",2020-08-26,2020,"CZO",195.389157,-2.195
"53","ABCO","A. concolor","ABCO_New_2_1","new",2020-10-19,2020,"SEKI",159.8613426,-1.998
"54","ABCO","A. concolor","ABCO_New_2_2","new",2020-08-04,2020,"CZO",206.695348,-1.845
"55","ABCO","A. concolor","ABCO_New_2_2","new",2020-08-26,2020,"CZO",131.2832034,-1.7505
"56","ABCO","A. concolor","ABCO_New_2_2","new",2020-10-19,2020,"SEKI",159.9327393,-2.394
"57","ABCO","A. concolor","ABCO_new_2_2.1","new",2021-07-31,2021,"CZO",203.1806205,-1.825
"58","ABCO","A. concolor","ABCO_new_2_2.1","new",2021-08-20,2021,"CZO",159.1595407,-2.04
"59","ABCO","A. concolor","ABCO_new_2_2.1","new",2021-09-17,2021,"CZO",140.4497696,-1.885
"60","ABCO","A. concolor","ABCO_new_2_2.1","new",2021-10-17,2021,"CZO",140.3265107,-1.87
"61","ABCO","A. concolor","ABCO_new_2_2.2","new",2021-07-31,2021,"CZO",202.282029,-1.793333333
"62","ABCO","A. concolor","ABCO_new_2_2.2","new",2021-08-20,2021,"CZO",158.3967756,-2.016666667
"63","ABCO","A. concolor","ABCO_new_2_2.2","new",2021-09-17,2021,"CZO",133.5532933,-1.865
"64","ABCO","A. concolor","ABCO_new_2_2.2","new",2021-10-17,2021,"CZO",142.8093831,-1.955
"65","ABCO","A. concolor","ABCO_new_2_2.3","new",2021-07-31,2021,"CZO",193.4981399,-1.8
"66","ABCO","A. concolor","ABCO_new_2_2.3","new",2021-08-20,2021,"CZO",183.5597331,-1.89
"67","ABCO","A. concolor","ABCO_new_2_2.3","new",2021-09-17,2021,"CZO",186.1346046,-1.865
"68","ABCO","A. concolor","ABCO_new_2_2.3","new",2021-10-17,2021,"CZO",165.8039517,-1.93
"69","ABCO","A. concolor","ABCO_new_2_2.4","new",2021-07-09,2021,"CZO",239.3787596,-1.97
"70","ABCO","A. concolor","ABCO_new_2_2.4","new",2021-07-31,2021,"CZO",160.1263334,-1.825
"71","ABCO","A. concolor","ABCO_new_2_2.5","new",2021-07-09,2021,"CZO",242.5369686,-1.92
"72","ABCO","A. concolor","ABCO_new_2_2.5","new",2021-07-31,2021,"CZO",133.1894835,-1.98
"73","ABCO","A. concolor","ABCO_new_2_2.5","new",2021-08-20,2021,"CZO",131.3307393,-2.115
"74","ABCO","A. concolor","ABCO_new_2_2.5","new",2021-09-17,2021,"CZO",119.8367575,-1.97
"75","ABCO","A. concolor","ABCO_New_2_3","new",2020-08-04,2020,"CZO",195.9206412,-1.805
"76","ABCO","A. concolor","ABCO_New_2_3","new",2020-08-26,2020,"CZO",199.1485746,-1.877
"77","ABCO","A. concolor","ABCO_New_2_3","new",2020-10-19,2020,"SEKI",128.2792728,-2.2435
"78","ABCO","A. concolor","ABCO_New_2_3","new",2020-10-19,2020,"SEKI",144.4046781,-2.2435
"79","ABCO","A. concolor","ABCO_New_2_3","new",2020-10-19,2020,"SEKI",166.3814574,-2.2435
"80","ABCO","A. concolor","ABCO_New_2_4","new",2020-08-04,2020,"CZO",88.42143311,-1.725
"81","ABCO","A. concolor","ABCO_New_2_4","new",2020-08-26,2020,"CZO",84.71023191,-1.796
"82","ABCO","A. concolor","ABCO_New_2_5","new",2020-08-04,2020,"CZO",129.6646052,-1.87
"83","ABCO","A. concolor","ABCO_New_2_5","new",2020-08-26,2020,"CZO",154.2216714,-1.727
"84","ABCO","A. concolor","ABCO_O_1_1.1","old",2021-04-24,2021,"CZO",117.7724041,-0.765
"85","ABCO","A. concolor","ABCO_O_1_1.2","old",2021-04-24,2021,"CZO",127.8647084,-0.97
"86","ABCO","A. concolor","ABCO_O_1_1.3","old",2021-04-24,2021,"CZO",115.9194827,-1.125
"87","ABCO","A. concolor","ABCO_O_1_1.4","old",2021-04-24,2021,"CZO",117.1928733,-0.935
"88","ABCO","A. concolor","ABCO_O_1_1.5","old",2021-04-24,2021,"CZO",126.9409766,-1.115
"89","ABCO","A. concolor","ABCO_O_1_1.6","old",2021-04-24,2021,"CZO",126.7246254,-0.89
"90","ABCO","A. concolor","ABCO_O_2_2.1","old",2021-04-24,2021,"CZO",123.9121829,-1.545
"91","ABCO","A. concolor","ABCO_O_2_2.2","old",2021-04-24,2021,"CZO",125.9093413,-0.815
"92","ABCO","A. concolor","ABCO_O_2_2.3","old",2021-04-24,2021,"CZO",117.1128028,-1.57
"93","ABCO","A. concolor","ABCO_O_2_2.4","old",2021-04-24,2021,"CZO",112.6673354,-1.56
"94","ABCO","A. concolor","ABCO_O_2_2.5","old",2021-04-24,2021,"CZO",112.9226181,-1.48
"95","ABCO","A. concolor","ABCO_Old_1_1","old",2020-08-04,2020,"CZO",136.2643268,-1.7
"96","ABCO","A. concolor","ABCO_Old_1_1","old",2020-08-26,2020,"CZO",146.2693365,-1.9385
"97","ABCO","A. concolor","ABCO_Old_1_1","old",2020-10-19,2020,"SEKI",134.831468,-2.285
"98","ABCO","A. concolor","ABCO_Old_1_1","old",2020-10-19,2020,"SEKI",134.831468,-2.285
"99","ABCO","A. concolor","ABCO_Old_1_1","old",2020-10-19,2020,"SEKI",149.7689864,-2.285
"100","ABCO","A. concolor","ABCO_Old_1_1","old",2020-10-19,2020,"SEKI",149.7689864,-2.285
"101","ABCO","A. concolor","ABCO_old_1_1.1","old",2021-05-15,2021,"CZO",109.6013333,-1.56
"102","ABCO","A. concolor","ABCO_old_1_1.1","old",2021-06-16,2021,"CZO",113.5494922,-2.17
"103","ABCO","A. concolor","ABCO_old_1_1.1","old",2021-07-08,2021,"CZO",134.586799,-1.725
"104","ABCO","A. concolor","ABCO_old_1_1.1","old",2021-07-30,2021,"CZO",140.1354188,-2.05
"105","ABCO","A. concolor","ABCO_old_1_1.1","old",2021-08-19,2021,"CZO",126.9074131,-1.89
"106","ABCO","A. concolor","ABCO_old_1_1.1","old",2021-09-16,2021,"CZO",125.4719451,-1.86
"107","ABCO","A. concolor","ABCO_old_1_1.1","old",2021-10-16,2021,"CZO",118.8754801,-1.885
"108","ABCO","A. concolor","ABCO_old_1_1.2","old",2021-05-15,2021,"CZO",111.2280881,-1.725
"109","ABCO","A. concolor","ABCO_old_1_1.2","old",2021-06-16,2021,"CZO",107.0244153,-1.96
"110","ABCO","A. concolor","ABCO_old_1_1.2","old",2021-07-08,2021,"CZO",117.0055022,-2.136666667
"111","ABCO","A. concolor","ABCO_old_1_1.2","old",2021-08-19,2021,"CZO",133.7093559,-2.045
"112","ABCO","A. concolor","ABCO_old_1_1.2","old",2021-09-16,2021,"CZO",125.3250867,-1.96
"113","ABCO","A. concolor","ABCO_old_1_1.2","old",2021-10-16,2021,"CZO",144.0331076,-1.97
"114","ABCO","A. concolor","ABCO_old_1_1.3","old",2021-05-15,2021,"CZO",100.5980322,-0.795
"115","ABCO","A. concolor","ABCO_old_1_1.3","old",2021-06-16,2021,"CZO",129.3575352,-1.87
"116","ABCO","A. concolor","ABCO_old_1_1.3","old",2021-07-08,2021,"CZO",130.8164042,-1.896666667
"117","ABCO","A. concolor","ABCO_old_1_1.3","old",2021-07-30,2021,"CZO",124.7024133,-2.046666667
"118","ABCO","A. concolor","ABCO_old_1_1.3","old",2021-08-19,2021,"CZO",122.3345627,-2.005
"119","ABCO","A. concolor","ABCO_old_1_1.3","old",2021-09-16,2021,"CZO",126.167086,-2.235
"120","ABCO","A. concolor","ABCO_old_1_1.3","old",2021-10-16,2021,"CZO",125.1655003,-1.9
"121","ABCO","A. concolor","ABCO_old_1_1.4","old",2021-05-15,2021,"CZO",92.64854465,-1.58
"122","ABCO","A. concolor","ABCO_old_1_1.4","old",2021-06-16,2021,"CZO",95.41994477,-2.166666667
"123","ABCO","A. concolor","ABCO_old_1_1.4","old",2021-07-08,2021,"CZO",124.2991095,-2.27
"124","ABCO","A. concolor","ABCO_old_1_1.4","old",2021-07-30,2021,"CZO",107.768442,-2.105
"125","ABCO","A. concolor","ABCO_old_1_1.4","old",2021-08-19,2021,"CZO",120.3591835,-2
"126","ABCO","A. concolor","ABCO_old_1_1.4","old",2021-09-16,2021,"CZO",125.6083267,-2.225
"127","ABCO","A. concolor","ABCO_old_1_1.4","old",2021-10-16,2021,"CZO",125.611399,-1.9
"128","ABCO","A. concolor","ABCO_old_1_1.5","old",2021-05-15,2021,"CZO",205.0550563,-1.825
"129","ABCO","A. concolor","ABCO_old_1_1.5","old",2021-06-16,2021,"CZO",122.65713,-2.245
"130","ABCO","A. concolor","ABCO_old_1_1.5","old",2021-07-08,2021,"CZO",141.281734,-1.995
"131","ABCO","A. concolor","ABCO_old_1_1.5","old",2021-07-30,2021,"CZO",124.8549059,-2.275
"132","ABCO","A. concolor","ABCO_old_1_1.5","old",2021-08-19,2021,"CZO",120.2145275,-2.21
"133","ABCO","A. concolor","ABCO_old_1_1.5","old",2021-09-16,2021,"CZO",130.7225035,-2.03
"134","ABCO","A. concolor","ABCO_old_1_1.5","old",2021-10-16,2021,"CZO",125.9529899,-1.815
"135","ABCO","A. concolor","ABCO_old_1_1.6","old",2021-05-15,2021,"CZO",111.0665112,-1.515
"136","ABCO","A. concolor","ABCO_old_1_1.6","old",2021-06-16,2021,"CZO",105.1617966,-2.223333333
"137","ABCO","A. concolor","ABCO_old_1_1.6","old",2021-07-08,2021,"CZO",137.8218672,-2.193333333
"138","ABCO","A. concolor","ABCO_old_1_1.6","old",2021-07-30,2021,"CZO",125.7248327,-2.16
"139","ABCO","A. concolor","ABCO_old_1_1.6","old",2021-08-19,2021,"CZO",125.7093409,-2.115
"140","ABCO","A. concolor","ABCO_old_1_1.6","old",2021-09-16,2021,"CZO",118.6216845,-2.195
"141","ABCO","A. concolor","ABCO_old_1_1.6","old",2021-10-16,2021,"CZO",126.7403315,-1.825
"142","ABCO","A. concolor","ABCO_Old_1_2","old",2020-08-04,2020,"CZO",133.0160992,-1.92
"143","ABCO","A. concolor","ABCO_Old_1_3","old",2020-08-04,2020,"CZO",135.514106,-1.805
"144","ABCO","A. concolor","ABCO_Old_1_3","old",2020-08-26,2020,"CZO",143.5401689,-1.9645
"145","ABCO","A. concolor","ABCO_Old_1_3","old",2020-10-19,2020,"SEKI",127.0860077,-2.0355
"146","ABCO","A. concolor","ABCO_Old_1_4","old",2020-08-04,2020,"CZO",110.4518525,-1.8
"147","ABCO","A. concolor","ABCO_Old_1_4","old",2020-08-26,2020,"CZO",133.4944225,-2.3265
"148","ABCO","A. concolor","ABCO_Old_1_4","old",2020-10-19,2020,"SEKI",134.4513448,-2.265
"149","ABCO","A. concolor","ABCO_Old_1_5","old",2020-08-04,2020,"CZO",141.2277735,-1.925
"150","ABCO","A. concolor","ABCO_Old_1_5","old",2020-08-26,2020,"CZO",85.49955433,-2.2285
"151","ABCO","A. concolor","ABCO_Old_1_5","old",2020-10-19,2020,"SEKI",133.6409902,-2.202
"152","ABCO","A. concolor","ABCO_Old_1_6","old",2020-08-04,2020,"CZO",130.2657818,-1.445
"153","ABCO","A. concolor","ABCO_Old_1_6","old",2020-10-19,2020,"SEKI",135.786488,-2.2345
"154","ABCO","A. concolor","ABCO_Old_2_1","old",2020-08-04,2020,"CZO",152.1879362,-1.865
"155","ABCO","A. concolor","ABCO_Old_2_1","old",2020-10-19,2020,"SEKI",131.3633938,-1.998
"156","ABCO","A. concolor","ABCO_Old_2_2","old",2020-08-04,2020,"CZO",142.8377329,-1.845
"157","ABCO","A. concolor","ABCO_Old_2_2","old",2020-08-26,2020,"CZO",179.9815007,-1.7505
"158","ABCO","A. concolor","ABCO_Old_2_2","old",2020-10-19,2020,"SEKI",121.2165889,-2.394
"159","ABCO","A. concolor","ABCO_old_2_2.1","old",2021-05-14,2021,"CZO",123.030894,-2.196666667
"160","ABCO","A. concolor","ABCO_old_2_2.1","old",2021-06-15,2021,"CZO",122.6946888,-1.4
"161","ABCO","A. concolor","ABCO_old_2_2.1","old",2021-07-09,2021,"CZO",135.839217,-1.81
"162","ABCO","A. concolor","ABCO_old_2_2.1","old",2021-07-31,2021,"CZO",130.8678575,-1.825
"163","ABCO","A. concolor","ABCO_old_2_2.1","old",2021-08-20,2021,"CZO",129.5437998,-2.04
"164","ABCO","A. concolor","ABCO_old_2_2.1","old",2021-09-17,2021,"CZO",127.2862987,-1.885
"165","ABCO","A. concolor","ABCO_old_2_2.1","old",2021-10-17,2021,"CZO",130.1982846,-1.885
"166","ABCO","A. concolor","ABCO_old_2_2.2","old",2021-05-14,2021,"CZO",107.9494106,-2.373333333
"167","ABCO","A. concolor","ABCO_old_2_2.2","old",2021-06-15,2021,"CZO",120.7900834,-1.69
"168","ABCO","A. concolor","ABCO_old_2_2.2","old",2021-07-09,2021,"CZO",143.1966406,-1.755
"169","ABCO","A. concolor","ABCO_old_2_2.2","old",2021-07-31,2021,"CZO",139.8065007,-1.793333333
"170","ABCO","A. concolor","ABCO_old_2_2.2","old",2021-08-20,2021,"CZO",134.8879344,-2.016666667
"171","ABCO","A. concolor","ABCO_old_2_2.2","old",2021-09-17,2021,"CZO",136.8846476,-1.865
"172","ABCO","A. concolor","ABCO_old_2_2.2","old",2021-10-17,2021,"CZO",128.9259891,-1.955
"173","ABCO","A. concolor","ABCO_old_2_2.3","old",2021-05-14,2021,"CZO",104.2173392,-2.335
"174","ABCO","A. concolor","ABCO_old_2_2.3","old",2021-06-15,2021,"CZO",102.1520766,-1.783333333
"175","ABCO","A. concolor","ABCO_old_2_2.3","old",2021-07-09,2021,"CZO",136.2969865,-1.755
"176","ABCO","A. concolor","ABCO_old_2_2.3","old",2021-07-31,2021,"CZO",139.9630475,-1.8
"177","ABCO","A. concolor","ABCO_old_2_2.3","old",2021-08-20,2021,"CZO",145.5829502,-1.89
"178","ABCO","A. concolor","ABCO_old_2_2.3","old",2021-09-17,2021,"CZO",149.7178921,-1.865
"179","ABCO","A. concolor","ABCO_old_2_2.3","old",2021-10-17,2021,"CZO",151.0996053,-1.93
"180","ABCO","A. concolor","ABCO_old_2_2.4","old",2021-05-14,2021,"CZO",103.6515272,-1.906666667
"181","ABCO","A. concolor","ABCO_old_2_2.4","old",2021-06-15,2021,"CZO",103.0953495,-1.67
"182","ABCO","A. concolor","ABCO_old_2_2.4","old",2021-07-09,2021,"CZO",115.6565105,-1.97
"183","ABCO","A. concolor","ABCO_old_2_2.4","old",2021-07-31,2021,"CZO",123.4439919,-1.825
"184","ABCO","A. concolor","ABCO_old_2_2.4","old",2021-08-20,2021,"CZO",117.3838496,-1.71
"185","ABCO","A. concolor","ABCO_old_2_2.4","old",2021-09-17,2021,"CZO",128.5415246,-1.93
"186","ABCO","A. concolor","ABCO_old_2_2.5","old",2021-05-14,2021,"CZO",96.49160642,-1.985
"187","ABCO","A. concolor","ABCO_old_2_2.5","old",2021-06-15,2021,"CZO",101.9135875,-1.68
"188","ABCO","A. concolor","ABCO_old_2_2.5","old",2021-07-09,2021,"CZO",124.0029641,-1.92
"189","ABCO","A. concolor","ABCO_old_2_2.5","old",2021-07-31,2021,"CZO",105.9018926,-1.98
"190","ABCO","A. concolor","ABCO_old_2_2.5","old",2021-08-20,2021,"CZO",110.6745728,-2.115
"191","ABCO","A. concolor","ABCO_old_2_2.5","old",2021-09-17,2021,"CZO",115.9792387,-1.97
"192","ABCO","A. concolor","ABCO_old_2_2.5","old",2021-10-17,2021,"CZO",108.990887,-1.97
"193","ABCO","A. concolor","ABCO_Old_2_3","old",2020-08-04,2020,"CZO",143.022415,-1.805
"194","ABCO","A. concolor","ABCO_Old_2_3","old",2020-08-26,2020,"CZO",160.9165334,-1.877
"195","ABCO","A. concolor","ABCO_Old_2_4","old",2020-08-04,2020,"CZO",235.5755249,-1.725
"196","ABCO","A. concolor","ABCO_Old_2_4","old",2020-08-26,2020,"CZO",88.35114982,-1.796
"197","ABCO","A. concolor","ABCO_Old_2_4","old",2020-10-19,2020,"SEKI",138.8258007,-2.336
"198","ABCO","A. concolor","ABCO_Old_2_5","old",2020-08-04,2020,"CZO",183.2976215,-1.87
"199","ABCO","A. concolor","ABCO_Old_2_5","old",2020-08-26,2020,"CZO",115.0502272,-1.727
"200","ARPA","A. patula","ARPA_both_1_1.3","both",2021-07-30,2021,"CZO",100.9410189,-2.035
"201","ARPA","A. patula","ARPA_both_1_1.5","both",2021-07-30,2021,"CZO",106.9104228,-3.35
"202","ARPA","A. patula","ARPA_both_1_1.6","both",2021-07-30,2021,"CZO",111.4548119,-2.83
"203","ARPA","A. patula","ARPA_both_2_2.1","both",2021-07-31,2021,"CZO",127.1200402,-1.74
"204","ARPA","A. patula","ARPA_both_2_2.2","both",2021-07-31,2021,"CZO",137.155978,-1.915
"205","ARPA","A. patula","ARPA_both_2_2.3","both",2021-07-31,2021,"CZO",135.2302742,-2.156666667
"206","ARPA","A. patula","ARPA_both_2_2.4","both",2021-07-31,2021,"CZO",119.7308403,-2.025
"207","ARPA","A. patula","ARPA_New_1_1","new",2020-08-04,2020,"CZO",144.3414957,-1.65
"208","ARPA","A. patula","ARPA_New_1_1","new",2020-08-26,2020,"CZO",125.6296716,-2.661
"209","ARPA","A. patula","ARPA_New_1_1","new",2020-10-19,2020,"SEKI",73.05716838,-6.411
"210","ARPA","A. patula","ARPA_new_1_1.1","new",2021-07-08,2021,"CZO",207.6236507,-1.7
"211","ARPA","A. patula","ARPA_new_1_1.2","new",2021-06-16,2021,"CZO",200.5565863,-1.903333333
"212","ARPA","A. patula","ARPA_new_1_1.4","new",2021-06-16,2021,"CZO",182.6684828,-1.74
"213","ARPA","A. patula","ARPA_new_1_1.5","new",2021-07-08,2021,"CZO",186.1682799,-2.26
"214","ARPA","A. patula","ARPA_New_1_2","new",2020-08-04,2020,"CZO",134.2995798,-2.685
"215","ARPA","A. patula","ARPA_New_1_2","new",2020-08-26,2020,"CZO",111.7165878,-3.052
"216","ARPA","A. patula","ARPA_New_1_2","new",2020-10-19,2020,"SEKI",117.1872681,-3.6535
"217","ARPA","A. patula","ARPA_New_1_3","new",2020-08-04,2020,"CZO",117.0170715,-2.055
"218","ARPA","A. patula","ARPA_New_1_3","new",2020-08-26,2020,"CZO",115.5191853,-1.9825
"219","ARPA","A. patula","ARPA_New_1_3","new",2020-10-19,2020,"SEKI",84.36418207,-5.035
"220","ARPA","A. patula","ARPA_New_1_4","new",2020-08-04,2020,"CZO",117.694099,-2.55
"221","ARPA","A. patula","ARPA_New_1_4","new",2020-08-26,2020,"CZO",112.2478411,-2.762
"222","ARPA","A. patula","ARPA_New_1_4","new",2020-10-19,2020,"SEKI",106.2017357,-3.7375
"223","ARPA","A. patula","ARPA_New_1_5","new",2020-08-04,2020,"CZO",133.9722219,-2.005
"224","ARPA","A. patula","ARPA_New_1_5","new",2020-08-26,2020,"CZO",123.0890631,-3.0805
"225","ARPA","A. patula","ARPA_New_1_5","new",2020-10-19,2020,"SEKI",103.2457854,-2.8645
"226","ARPA","A. patula","ARPA_New_1_6","new",2020-08-04,2020,"CZO",134.6157819,-2.265
"227","ARPA","A. patula","ARPA_New_1_6","new",2020-08-26,2020,"CZO",118.7640165,-3.126
"228","ARPA","A. patula","ARPA_New_1_6","new",2020-10-19,2020,"SEKI",80.56910171,-3.8005
"229","ARPA","A. patula","ARPA_New_2_1","new",2020-08-04,2020,"CZO",147.6912001,-1.435
"230","ARPA","A. patula","ARPA_New_2_1","new",2020-08-26,2020,"CZO",184.9312396,-2.081
"231","ARPA","A. patula","ARPA_New_2_1","new",2020-10-19,2020,"SEKI",72.25904411,-5.319
"232","ARPA","A. patula","ARPA_New_2_2","new",2020-08-04,2020,"CZO",141.4335486,-2.0045
"233","ARPA","A. patula","ARPA_New_2_2","new",2020-08-26,2020,"CZO",136.4167295,-2.7615
"234","ARPA","A. patula","ARPA_New_2_2","new",2020-10-19,2020,"SEKI",84.50142965,-4.8265
"235","ARPA","A. patula","ARPA_new_2_2.1","new",2021-07-09,2021,"CZO",201.8646243,-1.515
"236","ARPA","A. patula","ARPA_new_2_2.3","new",2021-07-09,2021,"CZO",192.5729981,-1.81
"237","ARPA","A. patula","ARPA_new_2_2.4","new",2021-07-09,2021,"CZO",180.0850226,-1.97
"238","ARPA","A. patula","ARPA_New_2_3","new",2020-08-04,2020,"CZO",137.172034,-2.255
"239","ARPA","A. patula","ARPA_New_2_3","new",2020-08-26,2020,"CZO",127.4452104,-2.5445
"240","ARPA","A. patula","ARPA_New_2_3","new",2020-10-19,2020,"SEKI",78.98981538,-3.58
"241","ARPA","A. patula","ARPA_New_2_4","new",2020-08-04,2020,"CZO",147.2526774,-2.08
"242","ARPA","A. patula","ARPA_New_2_4","new",2020-08-26,2020,"CZO",136.9142478,-2.4965
"243","ARPA","A. patula","ARPA_New_2_4","new",2020-10-19,2020,"SEKI",76.25441273,-4.636
"244","ARPA","A. patula","ARPA_New_2_5","new",2020-08-04,2020,"CZO",167.7395466,-1.89
"245","ARPA","A. patula","ARPA_New_2_5","new",2020-08-26,2020,"CZO",126.273202,-2.412
"246","ARPA","A. patula","ARPA_New_2_5","new",2020-10-19,2020,"SEKI",86.46355453,-4.2915
"247","ARPA","A. patula","ARPA_O_1_1.1","old",2021-04-24,2021,"CZO",105.117549,-0.745
"248","ARPA","A. patula","ARPA_O_1_1.2","old",2021-04-24,2021,"CZO",107.5271257,-0.535
"249","ARPA","A. patula","ARPA_O_1_1.3","old",2021-04-24,2021,"CZO",89.56486579,-0.75
"250","ARPA","A. patula","ARPA_O_1_1.4","old",2021-04-24,2021,"CZO",96.96616994,-0.61
"251","ARPA","A. patula","ARPA_O_1_1.5","old",2021-04-24,2021,"CZO",102.8200519,-0.65
"252","ARPA","A. patula","ARPA_O_1_1.6","old",2021-04-24,2021,"CZO",99.30157482,-0.84
"253","ARPA","A. patula","ARPA_O_2_2.1","old",2021-04-24,2021,"CZO",105.057422,-2.035
"254","ARPA","A. patula","ARPA_O_2_2.2","old",2021-04-24,2021,"CZO",101.8276267,-1.105
"255","ARPA","A. patula","ARPA_O_2_2.3","old",2021-04-24,2021,"CZO",99.11793766,-0.995
"256","ARPA","A. patula","ARPA_O_2_2.4","old",2021-04-24,2021,"CZO",97.48837847,-1.09
"257","ARPA","A. patula","ARPA_O_2_2.5","old",2021-04-24,2021,"CZO",100.9946182,-1.47
"258","ARPA","A. patula","ARPA_old_1_1.1","old",2021-05-15,2021,"CZO",99.91100758,-0.935
"259","ARPA","A. patula","ARPA_old_1_1.1","old",2021-06-16,2021,"CZO",94.31306255,-1.71
"260","ARPA","A. patula","ARPA_old_1_1.1","old",2021-07-08,2021,"CZO",114.5402336,-1.7
"261","ARPA","A. patula","ARPA_old_1_1.1","old",2021-08-19,2021,"CZO",99.03526423,-3.21
"262","ARPA","A. patula","ARPA_old_1_1.1","old",2021-09-16,2021,"CZO",85.04272603,-4.32
"263","ARPA","A. patula","ARPA_old_1_1.1","old",2021-10-16,2021,"CZO",99.97722425,-2.285
"264","ARPA","A. patula","ARPA_old_1_1.2","old",2021-05-15,2021,"CZO",101.6581905,-1.19
"265","ARPA","A. patula","ARPA_old_1_1.2","old",2021-06-16,2021,"CZO",109.684227,-1.903333333
"266","ARPA","A. patula","ARPA_old_1_1.2","old",2021-07-08,2021,"CZO",141.5283877,-2.125
"267","ARPA","A. patula","ARPA_old_1_1.2","old",2021-08-19,2021,"CZO",95.4922543,-3.28
"268","ARPA","A. patula","ARPA_old_1_1.2","old",2021-09-16,2021,"CZO",86.41425562,-3.715
"269","ARPA","A. patula","ARPA_old_1_1.2","old",2021-10-16,2021,"CZO",93.5318318,-2.39
"270","ARPA","A. patula","ARPA_old_1_1.3","old",2021-05-15,2021,"CZO",90.43289623,-1.17
"271","ARPA","A. patula","ARPA_old_1_1.3","old",2021-06-16,2021,"CZO",85.04993917,-1.63
"272","ARPA","A. patula","ARPA_old_1_1.3","old",2021-07-08,2021,"CZO",127.3093308,-1.695
"273","ARPA","A. patula","ARPA_old_1_1.3","old",2021-08-19,2021,"CZO",88.28862547,-2.24
"274","ARPA","A. patula","ARPA_old_1_1.3","old",2021-09-16,2021,"CZO",91.95522577,-3.195
"275","ARPA","A. patula","ARPA_old_1_1.3","old",2021-10-16,2021,"CZO",98.36169165,-4.55
"276","ARPA","A. patula","ARPA_old_1_1.4","old",2021-05-15,2021,"CZO",90.79148506,-1.61
"277","ARPA","A. patula","ARPA_old_1_1.4","old",2021-06-16,2021,"CZO",100.0799506,-1.74
"278","ARPA","A. patula","ARPA_old_1_1.4","old",2021-07-08,2021,"CZO",130.7637128,-2.193333333
"279","ARPA","A. patula","ARPA_old_1_1.4","old",2021-07-30,2021,"CZO",116.7423733,-2.96
"280","ARPA","A. patula","ARPA_old_1_1.4","old",2021-08-19,2021,"CZO",93.43525204,-2
"281","ARPA","A. patula","ARPA_old_1_1.4","old",2021-09-16,2021,"CZO",83.59054753,-3.23
"282","ARPA","A. patula","ARPA_old_1_1.4","old",2021-10-16,2021,"CZO",99.3594349,-2.02
"283","ARPA","A. patula","ARPA_old_1_1.5","old",2021-05-15,2021,"CZO",100.1926415,-0.92
"284","ARPA","A. patula","ARPA_old_1_1.5","old",2021-06-16,2021,"CZO",94.04321841,-1.786666667
"285","ARPA","A. patula","ARPA_old_1_1.5","old",2021-07-08,2021,"CZO",110.8579266,-2.26
"286","ARPA","A. patula","ARPA_old_1_1.5","old",2021-08-19,2021,"CZO",95.83377195,-4.14
"287","ARPA","A. patula","ARPA_old_1_1.5","old",2021-09-16,2021,"CZO",78.91890347,-4.82
"288","ARPA","A. patula","ARPA_old_1_1.5","old",2021-10-16,2021,"CZO",99.08953827,-1.74
"289","ARPA","A. patula","ARPA_old_1_1.6","old",2021-05-15,2021,"CZO",92.92648693,-1.945
"290","ARPA","A. patula","ARPA_old_1_1.6","old",2021-06-16,2021,"CZO",96.18941147,-1.88
"291","ARPA","A. patula","ARPA_old_1_1.6","old",2021-07-08,2021,"CZO",134.2402342,-2.195
"292","ARPA","A. patula","ARPA_old_1_1.6","old",2021-08-19,2021,"CZO",90.53657099,-2.985
"293","ARPA","A. patula","ARPA_old_1_1.6","old",2021-09-16,2021,"CZO",81.47969076,-4.035
"294","ARPA","A. patula","ARPA_old_1_1.6","old",2021-10-16,2021,"CZO",98.66452159,-1.635
"295","ARPA","A. patula","ARPA_old_2_2.1","old",2021-05-14,2021,"CZO",104.4851847,-1.56
"296","ARPA","A. patula","ARPA_old_2_2.1","old",2021-06-15,2021,"CZO",102.929277,-1.365
"297","ARPA","A. patula","ARPA_old_2_2.1","old",2021-07-09,2021,"CZO",186.0419212,-1.515
"298","ARPA","A. patula","ARPA_old_2_2.1","old",2021-08-20,2021,"CZO",113.2593997,-2.555
"299","ARPA","A. patula","ARPA_old_2_2.1","old",2021-09-17,2021,"CZO",108.1697195,-3.396666667
"300","ARPA","A. patula","ARPA_old_2_2.1","old",2021-10-17,2021,"CZO",104.6008517,-1.615
"301","ARPA","A. patula","ARPA_old_2_2.2","old",2021-05-14,2021,"CZO",98.69899168,-1.446666667
"302","ARPA","A. patula","ARPA_old_2_2.2","old",2021-06-15,2021,"CZO",96.71743193,-1.08
"303","ARPA","A. patula","ARPA_old_2_2.2","old",2021-07-09,2021,"CZO",160.1512836,-1.87
"304","ARPA","A. patula","ARPA_old_2_2.2","old",2021-08-20,2021,"CZO",116.8980643,-2.436666667
"305","ARPA","A. patula","ARPA_old_2_2.2","old",2021-09-17,2021,"CZO",103.8162339,-2.98
"306","ARPA","A. patula","ARPA_old_2_2.2","old",2021-10-17,2021,"CZO",97.63761119,-2.055
"307","ARPA","A. patula","ARPA_old_2_2.3","old",2021-05-14,2021,"CZO",113.8019256,-1.463333333
"308","ARPA","A. patula","ARPA_old_2_2.3","old",2021-06-15,2021,"CZO",99.52257084,-1.353333333
"309","ARPA","A. patula","ARPA_old_2_2.3","old",2021-07-09,2021,"CZO",131.2736028,-1.81
"310","ARPA","A. patula","ARPA_old_2_2.3","old",2021-08-20,2021,"CZO",93.70079139,-2.625
"311","ARPA","A. patula","ARPA_old_2_2.3","old",2021-09-17,2021,"CZO",104.5680828,-2.606666667
"312","ARPA","A. patula","ARPA_old_2_2.3","old",2021-10-17,2021,"CZO",101.7657896,-1.33
"313","ARPA","A. patula","ARPA_old_2_2.4","old",2021-05-14,2021,"CZO",105.1098608,-1.56
"314","ARPA","A. patula","ARPA_old_2_2.4","old",2021-06-15,2021,"CZO",113.7156275,-1.305
"315","ARPA","A. patula","ARPA_old_2_2.4","old",2021-07-09,2021,"CZO",135.5560919,-1.97
"316","ARPA","A. patula","ARPA_old_2_2.4","old",2021-08-20,2021,"CZO",101.694872,-3.635
"317","ARPA","A. patula","ARPA_old_2_2.4","old",2021-09-17,2021,"CZO",89.12496488,-3.53
"318","ARPA","A. patula","ARPA_old_2_2.4","old",2021-10-17,2021,"CZO",98.65170117,-1.99
"319","ARPA","A. patula","ARPA_old_2_2.5","old",2021-05-14,2021,"CZO",97.24467704,-1.555
"320","ARPA","A. patula","ARPA_old_2_2.5","old",2021-06-15,2021,"CZO",102.4891347,-1.41
"321","ARPA","A. patula","ARPA_old_2_2.5","old",2021-07-09,2021,"CZO",187.4331551,-2.035
"322","ARPA","A. patula","ARPA_old_2_2.5","old",2021-08-20,2021,"CZO",110.6614919,-2.705
"323","ARPA","A. patula","ARPA_old_2_2.5","old",2021-09-17,2021,"CZO",96.1048637,-2.94
"324","ARPA","A. patula","ARPA_old_2_2.5","old",2021-10-17,2021,"CZO",95.71904976,-2.375
"325","CADE","C. decurrens","CADE_N_1_1.1","new",2021-04-24,2021,"CZO",95.64025459,-1.235
"326","CADE","C. decurrens","CADE_N_1_1.2","new",2021-04-24,2021,"CZO",101.7575982,-1.005
"327","CADE","C. decurrens","CADE_N_1_1.3","new",2021-04-24,2021,"CZO",100.9016942,-0.845
"328","CADE","C. decurrens","CADE_N_1_1.4","new",2021-04-24,2021,"CZO",99.14238742,-0.915
"329","CADE","C. decurrens","CADE_N_1_1.5","new",2021-04-24,2021,"CZO",86.20055574,-0.525
"330","CADE","C. decurrens","CADE_N_1_1.6","new",2021-04-24,2021,"CZO",104.327026,-0.86
"331","CADE","C. decurrens","CADE_N_2_2.1","new",2021-04-24,2021,"CZO",102.1029459,-1.385
"332","CADE","C. decurrens","CADE_N_2_2.2","new",2021-04-24,2021,"CZO",100.0605907,-1.45
"333","CADE","C. decurrens","CADE_N_2_2.3","new",2021-04-24,2021,"CZO",98.14264142,-1.605
"334","CADE","C. decurrens","CADE_N_2_2.4","new",2021-04-24,2021,"CZO",109.1698531,-1.22
"335","CADE","C. decurrens","CADE_N_2_2.5","new",2021-04-24,2021,"CZO",114.4207167,-1.69
"336","CADE","C. decurrens","CADE_New_1_1","new",2020-08-04,2020,"CZO",113.1305017,-1.94
"337","CADE","C. decurrens","CADE_New_1_1","new",2020-08-26,2020,"CZO",106.1078399,-1.9695
"338","CADE","C. decurrens","CADE_New_1_1","new",2020-10-19,2020,"SEKI",107.2978004,-2.96
"339","CADE","C. decurrens","CADE_new_1_1.2","new",2021-05-15,2021,"CZO",96.20601023,-1.533333333
"340","CADE","C. decurrens","CADE_new_1_1.3","new",2021-05-15,2021,"CZO",99.44937004,-1.595
"341","CADE","C. decurrens","CADE_new_1_1.5","new",2021-05-15,2021,"CZO",105.9839167,-1.663333333
"342","CADE","C. decurrens","CADE_new_1_1.6","new",2021-05-15,2021,"CZO",110.3902591,-1.355
"343","CADE","C. decurrens","CADE_New_1_2","new",2020-08-04,2020,"CZO",132.8522138,-1.805
"344","CADE","C. decurrens","CADE_New_1_2","new",2020-08-26,2020,"CZO",118.6885863,-2.1805
"345","CADE","C. decurrens","CADE_New_1_2","new",2020-10-19,2020,"SEKI",105.8267328,-3.4055
"346","CADE","C. decurrens","CADE_New_1_3","new",2020-08-04,2020,"CZO",109.7549314,-1.86
"347","CADE","C. decurrens","CADE_New_1_3","new",2020-08-26,2020,"CZO",111.0271415,-2.3325
"348","CADE","C. decurrens","CADE_New_1_3","new",2020-10-19,2020,"SEKI",101.9708458,-2.862
"349","CADE","C. decurrens","CADE_New_1_4","new",2020-08-04,2020,"CZO",104.7165336,-1.774
"350","CADE","C. decurrens","CADE_New_1_4","new",2020-08-26,2020,"CZO",107.4174326,-2.2655
"351","CADE","C. decurrens","CADE_New_1_4","new",2020-10-19,2020,"SEKI",105.4198905,-3.584
"352","CADE","C. decurrens","CADE_New_1_5","new",2020-08-04,2020,"CZO",117.8588963,-1.98
"353","CADE","C. decurrens","CADE_New_1_5","new",2020-08-26,2020,"CZO",107.787132,-2.639
"354","CADE","C. decurrens","CADE_New_1_5","new",2020-10-19,2020,"SEKI",125.2048176,-2.6205
"355","CADE","C. decurrens","CADE_New_1_6","new",2020-08-04,2020,"CZO",118.0749393,-2.19
"356","CADE","C. decurrens","CADE_New_1_6","new",2020-08-26,2020,"CZO",112.2841277,-2.5545
"357","CADE","C. decurrens","CADE_New_1_6","new",2020-10-19,2020,"SEKI",101.7647816,-3.516
"358","CADE","C. decurrens","CADE_New_2_1","new",2020-08-04,2020,"CZO",154.2952278,-1.56
"359","CADE","C. decurrens","CADE_New_2_1","new",2020-08-26,2020,"CZO",120.6148968,-1.926
"360","CADE","C. decurrens","CADE_New_2_1","new",2020-08-26,2020,"CZO",140.8555018,-1.926
"361","CADE","C. decurrens","CADE_New_2_1","new",2020-10-19,2020,"SEKI",95.7084433,-3.232
"362","CADE","C. decurrens","CADE_New_2_1","new",2020-10-19,2020,"SEKI",95.7084433,-2.2225
"363","CADE","C. decurrens","CADE_New_2_1","new",2020-10-19,2020,"SEKI",101.7609162,-3.232
"364","CADE","C. decurrens","CADE_New_2_1","new",2020-10-19,2020,"SEKI",101.7609162,-2.2225
"365","CADE","C. decurrens","CADE_New_2_2","new",2020-08-04,2020,"CZO",152.907117,-1.84
"366","CADE","C. decurrens","CADE_New_2_2","new",2020-08-26,2020,"CZO",134.596739,-1.6755
"367","CADE","C. decurrens","CADE_new_2_2.1","new",2021-05-14,2021,"CZO",123.4010128,-1.7
"368","CADE","C. decurrens","CADE_new_2_2.1","new",2021-06-15,2021,"CZO",140.7070367,-1.403333333
"369","CADE","C. decurrens","CADE_new_2_2.2","new",2021-05-14,2021,"CZO",107.4029024,-1.515
"370","CADE","C. decurrens","CADE_new_2_2.2","new",2021-06-15,2021,"CZO",100.5789651,-1.34
"371","CADE","C. decurrens","CADE_new_2_2.3","new",2021-05-14,2021,"CZO",113.1719083,-1.245
"372","CADE","C. decurrens","CADE_new_2_2.3","new",2021-06-15,2021,"CZO",109.413074,-1.355
"373","CADE","C. decurrens","CADE_new_2_2.4","new",2021-05-14,2021,"CZO",110.7045171,-1.68
"374","CADE","C. decurrens","CADE_new_2_2.4","new",2021-06-15,2021,"CZO",126.39876,-1.365
"375","CADE","C. decurrens","CADE_new_2_2.5","new",2021-05-14,2021,"CZO",117.8334592,-1.665
"376","CADE","C. decurrens","CADE_New_2_3","new",2020-08-04,2020,"CZO",159.0896132,-1.65
"377","CADE","C. decurrens","CADE_New_2_3","new",2020-08-26,2020,"CZO",146.5812206,-1.8805
"378","CADE","C. decurrens","CADE_New_2_3","new",2020-10-19,2020,"SEKI",98.36219948,-2.725
"379","CADE","C. decurrens","CADE_New_2_4","new",2020-08-04,2020,"CZO",151.0434853,-1.865
"380","CADE","C. decurrens","CADE_New_2_4","new",2020-08-26,2020,"CZO",130.575331,-2.4275
"381","CADE","C. decurrens","CADE_New_2_4","new",2020-10-19,2020,"SEKI",94.41032369,-3.4375
"382","CADE","C. decurrens","CADE_New_2_5","new",2020-08-04,2020,"CZO",154.1915636,-1.675
"383","CADE","C. decurrens","CADE_New_2_5","new",2020-08-26,2020,"CZO",145.8722957,-1.9605
"384","CADE","C. decurrens","CADE_New_2_5","new",2020-10-19,2020,"SEKI",116.7962633,-2.0605
"385","CADE","C. decurrens","CADE_O_1_1.1","old",2021-04-24,2021,"CZO",88.06827813,-1.235
"386","CADE","C. decurrens","CADE_O_1_1.2","old",2021-04-24,2021,"CZO",82.20119101,-1.005
"387","CADE","C. decurrens","CADE_O_1_1.3","old",2021-04-24,2021,"CZO",87.0188148,-0.845
"388","CADE","C. decurrens","CADE_O_1_1.4","old",2021-04-24,2021,"CZO",86.64269738,-0.915
"389","CADE","C. decurrens","CADE_O_1_1.5","old",2021-04-24,2021,"CZO",80.54171603,-0.525
"390","CADE","C. decurrens","CADE_O_1_1.6","old",2021-04-24,2021,"CZO",92.79447625,-0.86
"391","CADE","C. decurrens","CADE_O_2_2.1","old",2021-04-24,2021,"CZO",88.54985573,-1.385
"392","CADE","C. decurrens","CADE_O_2_2.2","old",2021-04-24,2021,"CZO",92.59311159,-1.45
"393","CADE","C. decurrens","CADE_O_2_2.3","old",2021-04-24,2021,"CZO",90.53058256,-1.605
"394","CADE","C. decurrens","CADE_O_2_2.4","old",2021-04-24,2021,"CZO",100.0194008,-1.22
"395","CADE","C. decurrens","CADE_O_2_2.5","old",2021-04-24,2021,"CZO",102.6315502,-1.69
"396","CADE","C. decurrens","CADE_old_1_1.1","old",2021-05-15,2021,"CZO",88.71261156,-1.663333333
"397","CADE","C. decurrens","CADE_old_1_1.1","old",2021-06-16,2021,"CZO",86.44494266,-1.89
"398","CADE","C. decurrens","CADE_old_1_1.1","old",2021-07-08,2021,"CZO",101.9305833,-1.816666667
"399","CADE","C. decurrens","CADE_old_1_1.1","old",2021-07-30,2021,"CZO",92.59593525,-2.125
"400","CADE","C. decurrens","CADE_old_1_1.1","old",2021-08-19,2021,"CZO",94.00446832,-2.226666667
"401","CADE","C. decurrens","CADE_old_1_1.1","old",2021-09-16,2021,"CZO",98.11031415,-2.65
"402","CADE","C. decurrens","CADE_old_1_1.1","old",2021-10-16,2021,"CZO",100.0620806,-1.935
"403","CADE","C. decurrens","CADE_old_1_1.2","old",2021-05-15,2021,"CZO",92.35745715,-1.533333333
"404","CADE","C. decurrens","CADE_old_1_1.2","old",2021-06-16,2021,"CZO",95.18772632,-1.68
"405","CADE","C. decurrens","CADE_old_1_1.2","old",2021-07-08,2021,"CZO",95.22846387,-1.873333333
"406","CADE","C. decurrens","CADE_old_1_1.2","old",2021-08-19,2021,"CZO",97.43544712,-2
"407","CADE","C. decurrens","CADE_old_1_1.2","old",2021-09-16,2021,"CZO",88.78529509,-2.305
"408","CADE","C. decurrens","CADE_old_1_1.2","old",2021-10-16,2021,"CZO",99.13151365,-1.675
"409","CADE","C. decurrens","CADE_old_1_1.3","old",2021-05-15,2021,"CZO",85.21826065,-1.595
"410","CADE","C. decurrens","CADE_old_1_1.3","old",2021-06-16,2021,"CZO",84.77383962,-1.54
"411","CADE","C. decurrens","CADE_old_1_1.3","old",2021-07-08,2021,"CZO",96.35523029,-2.07
"412","CADE","C. decurrens","CADE_old_1_1.3","old",2021-07-30,2021,"CZO",102.3122911,-2.195
"413","CADE","C. decurrens","CADE_old_1_1.3","old",2021-08-19,2021,"CZO",92.5454581,-2.49
"414","CADE","C. decurrens","CADE_old_1_1.3","old",2021-09-16,2021,"CZO",93.16340598,-2.99
"415","CADE","C. decurrens","CADE_old_1_1.3","old",2021-10-16,2021,"CZO",98.66442514,-2.065
"416","CADE","C. decurrens","CADE_old_1_1.4","old",2021-06-16,2021,"CZO",86.20695597,-1.35
"417","CADE","C. decurrens","CADE_old_1_1.4","old",2021-07-30,2021,"CZO",89.8272583,-2.155
"418","CADE","C. decurrens","CADE_old_1_1.4","old",2021-08-19,2021,"CZO",92.73188597,-2.06
"419","CADE","C. decurrens","CADE_old_1_1.4","old",2021-09-16,2021,"CZO",91.70051318,-2.34
"420","CADE","C. decurrens","CADE_old_1_1.4","old",2021-10-16,2021,"CZO",96.51037493,-1.935
"421","CADE","C. decurrens","CADE_old_1_1.5","old",2021-05-15,2021,"CZO",79.30211836,-1.663333333
"422","CADE","C. decurrens","CADE_old_1_1.5","old",2021-06-16,2021,"CZO",76.30264579,-2.12
"423","CADE","C. decurrens","CADE_old_1_1.5","old",2021-07-08,2021,"CZO",91.19488509,-2.035
"424","CADE","C. decurrens","CADE_old_1_1.5","old",2021-07-30,2021,"CZO",93.51479846,-2.33
"425","CADE","C. decurrens","CADE_old_1_1.5","old",2021-08-19,2021,"CZO",82.7820603,-2.39
"426","CADE","C. decurrens","CADE_old_1_1.5","old",2021-09-16,2021,"CZO",90.85260351,-2.765
"427","CADE","C. decurrens","CADE_old_1_1.5","old",2021-10-16,2021,"CZO",101.320608,-2.115
"428","CADE","C. decurrens","CADE_old_1_1.6","old",2021-05-15,2021,"CZO",79.61354159,-1.355
"429","CADE","C. decurrens","CADE_old_1_1.6","old",2021-06-16,2021,"CZO",95.05588147,-1.745
"430","CADE","C. decurrens","CADE_old_1_1.6","old",2021-07-08,2021,"CZO",88.09745019,-2.02
"431","CADE","C. decurrens","CADE_old_1_1.6","old",2021-07-30,2021,"CZO",95.14466226,-2.735
"432","CADE","C. decurrens","CADE_old_1_1.6","old",2021-08-19,2021,"CZO",90.80694202,-2.895
"433","CADE","C. decurrens","CADE_old_1_1.6","old",2021-09-16,2021,"CZO",88.6514092,-3.335
"434","CADE","C. decurrens","CADE_old_1_1.6","old",2021-10-16,2021,"CZO",103.2644839,-1.52
"435","CADE","C. decurrens","CADE_old_2_2.1","old",2021-05-14,2021,"CZO",105.1013232,-1.7
"436","CADE","C. decurrens","CADE_old_2_2.1","old",2021-06-15,2021,"CZO",102.0462117,-1.403333333
"437","CADE","C. decurrens","CADE_old_2_2.1","old",2021-07-09,2021,"CZO",106.2687287,-1.59
"438","CADE","C. decurrens","CADE_old_2_2.1","old",2021-07-31,2021,"CZO",108.9958031,-2.06
"439","CADE","C. decurrens","CADE_old_2_2.1","old",2021-08-20,2021,"CZO",113.4423217,-2.5
"440","CADE","C. decurrens","CADE_old_2_2.1","old",2021-09-17,2021,"CZO",112.0833832,-2.44
"441","CADE","C. decurrens","CADE_old_2_2.1","old",2021-10-17,2021,"CZO",109.1636227,-1.825
"442","CADE","C. decurrens","CADE_old_2_2.2","old",2021-05-14,2021,"CZO",89.61800654,-1.515
"443","CADE","C. decurrens","CADE_old_2_2.2","old",2021-06-15,2021,"CZO",101.2021842,-1.34
"444","CADE","C. decurrens","CADE_old_2_2.2","old",2021-07-09,2021,"CZO",107.2385841,-1.705
"445","CADE","C. decurrens","CADE_old_2_2.2","old",2021-07-31,2021,"CZO",110.1649735,-1.72
"446","CADE","C. decurrens","CADE_old_2_2.2","old",2021-08-20,2021,"CZO",100.9083612,-2.01
"447","CADE","C. decurrens","CADE_old_2_2.2","old",2021-09-17,2021,"CZO",114.2006371,-2.125
"448","CADE","C. decurrens","CADE_old_2_2.2","old",2021-10-17,2021,"CZO",111.0340017,-2.17
"449","CADE","C. decurrens","CADE_old_2_2.3","old",2021-05-14,2021,"CZO",99.50166347,-1.245
"450","CADE","C. decurrens","CADE_old_2_2.3","old",2021-06-15,2021,"CZO",98.77548753,-1.355
"451","CADE","C. decurrens","CADE_old_2_2.3","old",2021-07-09,2021,"CZO",121.2129693,-1.76
"452","CADE","C. decurrens","CADE_old_2_2.3","old",2021-07-31,2021,"CZO",113.1341908,-1.98
"453","CADE","C. decurrens","CADE_old_2_2.3","old",2021-08-20,2021,"CZO",106.0126489,-2.43
"454","CADE","C. decurrens","CADE_old_2_2.3","old",2021-09-17,2021,"CZO",102.7421733,-2.62
"455","CADE","C. decurrens","CADE_old_2_2.3","old",2021-10-17,2021,"CZO",103.5279057,-1.77
"456","CADE","C. decurrens","CADE_old_2_2.4","old",2021-05-14,2021,"CZO",85.32786475,-1.68
"457","CADE","C. decurrens","CADE_old_2_2.4","old",2021-06-15,2021,"CZO",86.5219701,-1.365
"458","CADE","C. decurrens","CADE_old_2_2.4","old",2021-07-09,2021,"CZO",123.0550719,-1.86
"459","CADE","C. decurrens","CADE_old_2_2.4","old",2021-07-31,2021,"CZO",101.7787855,-2.675
"460","CADE","C. decurrens","CADE_old_2_2.4","old",2021-08-20,2021,"CZO",96.77100155,-2.905
"461","CADE","C. decurrens","CADE_old_2_2.4","old",2021-09-17,2021,"CZO",102.4798688,-3.145
"462","CADE","C. decurrens","CADE_old_2_2.4","old",2021-10-17,2021,"CZO",109.566174,-1.565
"463","CADE","C. decurrens","CADE_old_2_2.5","old",2021-05-14,2021,"CZO",104.7031569,-1.665
"464","CADE","C. decurrens","CADE_old_2_2.5","old",2021-06-15,2021,"CZO",99.81390179,-1.483333333
"465","CADE","C. decurrens","CADE_old_2_2.5","old",2021-07-09,2021,"CZO",123.2329856,-1.585
"466","CADE","C. decurrens","CADE_old_2_2.5","old",2021-08-20,2021,"CZO",112.1219523,-2.32
"467","CADE","C. decurrens","CADE_old_2_2.5","old",2021-09-17,2021,"CZO",103.392692,-2.255
"468","CADE","C. decurrens","CADE_old_2_2.5","old",2021-10-17,2021,"CZO",110.5555932,-1.985
"469","CECO","C. cordulatus","CECO_New_1_1","new",2020-08-04,2020,"CZO",143.4872315,-1.705
"470","CECO","C. cordulatus","CECO_New_1_1","new",2020-08-26,2020,"CZO",199.3306306,-2.3655
"471","CECO","C. cordulatus","CECO_New_1_1","new",2020-10-19,2020,"SEKI",81.08330798,-3.3415
"472","CECO","C. cordulatus","CECO_new_1_1.1","new",2021-05-15,2021,"CZO",239.1161432,-1
"473","CECO","C. cordulatus","CECO_new_1_1.1","new",2021-06-16,2021,"CZO",195.7218167,-1.743333333
"474","CECO","C. cordulatus","CECO_new_1_1.2","new",2021-05-15,2021,"CZO",232.5147348,-1.09
"475","CECO","C. cordulatus","CECO_new_1_1.2","new",2021-06-16,2021,"CZO",190.5731119,-1.525
"476","CECO","C. cordulatus","CECO_new_1_1.3","new",2021-05-15,2021,"CZO",195.2803407,-1.72
"477","CECO","C. cordulatus","CECO_new_1_1.3","new",2021-06-16,2021,"CZO",166.1824052,-1.66
"478","CECO","C. cordulatus","CECO_new_1_1.4","new",2021-05-15,2021,"CZO",206.372674,-1.036666667
"479","CECO","C. cordulatus","CECO_new_1_1.4","new",2021-06-16,2021,"CZO",177.4143081,-1.94
"480","CECO","C. cordulatus","CECO_new_1_1.5","new",2021-05-15,2021,"CZO",250.879162,-1.02
"481","CECO","C. cordulatus","CECO_new_1_1.5","new",2021-06-16,2021,"CZO",207.0404016,-1.72
"482","CECO","C. cordulatus","CECO_new_1_1.6","new",2021-05-15,2021,"CZO",176.3513514,-1.426666667
"483","CECO","C. cordulatus","CECO_new_1_1.6","new",2021-06-16,2021,"CZO",120.2821429,-1.775
"484","CECO","C. cordulatus","CECO_New_1_2","new",2020-08-04,2020,"CZO",105.9111436,-2.58
"485","CECO","C. cordulatus","CECO_New_1_2","new",2020-08-26,2020,"CZO",93.67190649,-3.506
"486","CECO","C. cordulatus","CECO_New_1_2","new",2020-10-19,2020,"SEKI",79.94967762,-3.6495
"487","CECO","C. cordulatus","CECO_New_1_3","new",2020-08-04,2020,"CZO",113.7795276,-1.9
"488","CECO","C. cordulatus","CECO_New_1_3","new",2020-08-26,2020,"CZO",122.8392245,-3.509
"489","CECO","C. cordulatus","CECO_New_1_3","new",2020-10-19,2020,"SEKI",75.62751315,-3.677
"490","CECO","C. cordulatus","CECO_New_1_4","new",2020-08-04,2020,"CZO",114.3551339,-2.175
"491","CECO","C. cordulatus","CECO_New_1_4","new",2020-08-26,2020,"CZO",99.94332672,-2.6555
"492","CECO","C. cordulatus","CECO_New_1_4","new",2020-10-19,2020,"SEKI",190.2571819,-3.655
"493","CECO","C. cordulatus","CECO_New_1_5","new",2020-08-04,2020,"CZO",121.0245885,-2.155
"494","CECO","C. cordulatus","CECO_New_1_5","new",2020-08-26,2020,"CZO",108.1851643,-2.6615
"495","CECO","C. cordulatus","CECO_New_1_5","new",2020-10-19,2020,"SEKI",77.45353339,-3.937
"496","CECO","C. cordulatus","CECO_New_1_6","new",2020-08-04,2020,"CZO",119.5196992,-2.085
"497","CECO","C. cordulatus","CECO_New_1_6","new",2020-08-26,2020,"CZO",107.7511691,-2.643
"498","CECO","C. cordulatus","CECO_New_1_6","new",2020-10-19,2020,"SEKI",81.21936515,-4.0845
"499","CECO","C. cordulatus","CECO_New_2_1","new",2020-08-04,2020,"CZO",165.8910874,-1.455
"500","CECO","C. cordulatus","CECO_New_2_1","new",2020-10-19,2020,"SEKI",84.25807345,-3.3145
"501","CECO","C. cordulatus","CECO_New_2_2","new",2020-08-04,2020,"CZO",203.350631,-1.534
"502","CECO","C. cordulatus","CECO_New_2_2","new",2020-08-26,2020,"CZO",296.0844687,-1.8755
"503","CECO","C. cordulatus","CECO_New_2_2","new",2020-10-19,2020,"SEKI",80.52020317,-4.08
"504","CECO","C. cordulatus","CECO_New_2_2","new",2020-10-19,2020,"SEKI",80.52020317,-3.3295
"505","CECO","C. cordulatus","CECO_New_2_2","new",2020-10-19,2020,"SEKI",88.27494766,-4.08
"506","CECO","C. cordulatus","CECO_New_2_2","new",2020-10-19,2020,"SEKI",88.27494766,-3.3295
"507","CECO","C. cordulatus","CECO_new_2_2.1","new",2021-05-14,2021,"CZO",210.6060606,-2
"508","CECO","C. cordulatus","CECO_new_2_2.1","new",2021-06-15,2021,"CZO",147.9619429,-1.36
"509","CECO","C. cordulatus","CECO_new_2_2.2","new",2021-05-14,2021,"CZO",218.8643533,-1.375
"510","CECO","C. cordulatus","CECO_new_2_2.2","new",2021-06-15,2021,"CZO",198.1276387,-1.045
"511","CECO","C. cordulatus","CECO_new_2_2.3","new",2021-05-14,2021,"CZO",52.66666667,-1.245
"512","CECO","C. cordulatus","CECO_new_2_2.3","new",2021-06-15,2021,"CZO",205.3347655,-1.295
"513","CECO","C. cordulatus","CECO_new_2_2.4","new",2021-06-15,2021,"CZO",192.3656927,-1.285
"514","CECO","C. cordulatus","CECO_new_2_2.5","new",2021-05-14,2021,"CZO",222.7983131,-1.165
"515","CECO","C. cordulatus","CECO_new_2_2.5","new",2021-06-15,2021,"CZO",233.7137187,-1.143333333
"516","CECO","C. cordulatus","CECO_New_2_3","new",2020-08-04,2020,"CZO",135.5944602,-1.62
"517","CECO","C. cordulatus","CECO_New_2_3","new",2020-08-26,2020,"CZO",116.5427951,-2.3345
"518","CECO","C. cordulatus","CECO_New_2_4","new",2020-08-04,2020,"CZO",120.999189,-2.22
"519","CECO","C. cordulatus","CECO_New_2_4","new",2020-08-26,2020,"CZO",111.8356263,-2.581
"520","CECO","C. cordulatus","CECO_New_2_4","new",2020-10-19,2020,"SEKI",81.01107557,-3.6485
"521","CECO","C. cordulatus","CECO_New_2_5","new",2020-08-04,2020,"CZO",161.6008672,-1.885
"522","CECO","C. cordulatus","CECO_New_2_5","new",2020-08-26,2020,"CZO",128.1208367,-2.038
"523","CECO","C. cordulatus","CECO_New_2_5","new",2020-10-19,2020,"SEKI",83.95852825,-3.527
"524","CECO","C. cordulatus","CECO_O_1_1.1","old",2021-04-24,2021,"CZO",129.5567545,-0.835
"525","CECO","C. cordulatus","CECO_O_1_1.2","old",2021-04-24,2021,"CZO",123.2034472,-0.985
"526","CECO","C. cordulatus","CECO_O_1_1.3","old",2021-04-24,2021,"CZO",109.4910508,-1.35
"527","CECO","C. cordulatus","CECO_O_1_1.4","old",2021-04-24,2021,"CZO",118.1413434,-0.77
"528","CECO","C. cordulatus","CECO_O_1_1.5","old",2021-04-24,2021,"CZO",126.2455748,-0.72
"529","CECO","C. cordulatus","CECO_O_1_1.6","old",2021-04-24,2021,"CZO",231.7437232,-1.2
"530","CECO","C. cordulatus","CECO_O_2_2.1","old",2021-04-24,2021,"CZO",116.4557223,-1.42
"531","CECO","C. cordulatus","CECO_O_2_2.2","old",2021-04-24,2021,"CZO",111.2426499,-1.33
"532","CECO","C. cordulatus","CECO_O_2_2.3","old",2021-04-24,2021,"CZO",107.0045262,-1.04
"533","CECO","C. cordulatus","CECO_O_2_2.4","old",2021-04-24,2021,"CZO",120.520519,-0.755
"534","CECO","C. cordulatus","CECO_O_2_2.5","old",2021-04-24,2021,"CZO",113.311826,-1.365
"535","CECO","C. cordulatus","CECO_old_1_1.1","old",2021-05-15,2021,"CZO",122.8754009,-1
"536","CECO","C. cordulatus","CECO_old_1_1.1","old",2021-06-16,2021,"CZO",134.6851769,-1.743333333
"537","CECO","C. cordulatus","CECO_old_1_1.1","old",2021-07-08,2021,"CZO",166.8542361,-1.97
"538","CECO","C. cordulatus","CECO_old_1_1.1","old",2021-07-30,2021,"CZO",114.4773093,-2.31
"539","CECO","C. cordulatus","CECO_old_1_1.1","old",2021-08-19,2021,"CZO",96.06153846,-2.855
"540","CECO","C. cordulatus","CECO_old_1_1.1","old",2021-09-16,2021,"CZO",95.21001013,-3.415
"541","CECO","C. cordulatus","CECO_old_1_1.1","old",2021-10-16,2021,"CZO",109.7897441,-2.455
"542","CECO","C. cordulatus","CECO_old_1_1.2","old",2021-05-15,2021,"CZO",127.28302,-1.09
"543","CECO","C. cordulatus","CECO_old_1_1.2","old",2021-06-16,2021,"CZO",118.2013665,-1.525
"544","CECO","C. cordulatus","CECO_old_1_1.2","old",2021-07-08,2021,"CZO",134.9208993,-2.54
"545","CECO","C. cordulatus","CECO_old_1_1.2","old",2021-08-19,2021,"CZO",81.25323357,-3.82
"546","CECO","C. cordulatus","CECO_old_1_1.2","old",2021-09-16,2021,"CZO",73.34259179,-4.025
"547","CECO","C. cordulatus","CECO_old_1_1.2","old",2021-10-16,2021,"CZO",91.06434889,-2.935
"548","CECO","C. cordulatus","CECO_old_1_1.3","old",2021-05-15,2021,"CZO",109.6531351,-1.72
"549","CECO","C. cordulatus","CECO_old_1_1.3","old",2021-06-16,2021,"CZO",115.2661217,-1.66
"550","CECO","C. cordulatus","CECO_old_1_1.3","old",2021-07-08,2021,"CZO",142.1328754,-2.125
"551","CECO","C. cordulatus","CECO_old_1_1.3","old",2021-07-30,2021,"CZO",84.52748273,-2.696666667
"552","CECO","C. cordulatus","CECO_old_1_1.3","old",2021-08-19,2021,"CZO",86.50145153,-3.06
"553","CECO","C. cordulatus","CECO_old_1_1.3","old",2021-09-16,2021,"CZO",72.4836272,-3.263333333
"554","CECO","C. cordulatus","CECO_old_1_1.3","old",2021-10-16,2021,"CZO",130.1227831,-2.106666667
"555","CECO","C. cordulatus","CECO_old_1_1.4","old",2021-05-15,2021,"CZO",161.1894246,-1.036666667
"556","CECO","C. cordulatus","CECO_old_1_1.4","old",2021-06-16,2021,"CZO",121.9667606,-1.94
"557","CECO","C. cordulatus","CECO_old_1_1.4","old",2021-07-08,2021,"CZO",130.2858624,-1.86
"558","CECO","C. cordulatus","CECO_old_1_1.4","old",2021-07-30,2021,"CZO",105.0086181,-2.33
"559","CECO","C. cordulatus","CECO_old_1_1.4","old",2021-08-19,2021,"CZO",94.1229156,-2.446666667
"560","CECO","C. cordulatus","CECO_old_1_1.4","old",2021-09-16,2021,"CZO",88.70067813,-2.53
"561","CECO","C. cordulatus","CECO_old_1_1.4","old",2021-10-16,2021,"CZO",98.36296545,-2.145
"562","CECO","C. cordulatus","CECO_old_1_1.5","old",2021-05-15,2021,"CZO",125.4852052,-1.02
"563","CECO","C. cordulatus","CECO_old_1_1.5","old",2021-06-16,2021,"CZO",147.0558298,-1.72
"564","CECO","C. cordulatus","CECO_old_1_1.5","old",2021-07-08,2021,"CZO",142.3845475,-2.363333333
"565","CECO","C. cordulatus","CECO_old_1_1.5","old",2021-07-30,2021,"CZO",94.53154499,-2.913333333
"566","CECO","C. cordulatus","CECO_old_1_1.5","old",2021-08-19,2021,"CZO",88.80448028,-3.24
"567","CECO","C. cordulatus","CECO_old_1_1.5","old",2021-09-16,2021,"CZO",83.54507727,-3.413333333
"568","CECO","C. cordulatus","CECO_old_1_1.6","old",2021-05-15,2021,"CZO",118.8251096,-1.426666667
"569","CECO","C. cordulatus","CECO_old_1_1.6","old",2021-06-16,2021,"CZO",158.660882,-1.775
"570","CECO","C. cordulatus","CECO_old_1_1.6","old",2021-07-08,2021,"CZO",129.6445547,-2.03
"571","CECO","C. cordulatus","CECO_old_1_1.6","old",2021-07-30,2021,"CZO",105.6491053,-2.755
"572","CECO","C. cordulatus","CECO_old_1_1.6","old",2021-08-19,2021,"CZO",87.99736363,-2.786666667
"573","CECO","C. cordulatus","CECO_old_1_1.6","old",2021-09-16,2021,"CZO",86.04466708,-3.605
"574","CECO","C. cordulatus","CECO_old_1_1.6","old",2021-10-16,2021,"CZO",101.7255015,-2.59
"575","CECO","C. cordulatus","CECO_old_2_2.1","old",2021-05-14,2021,"CZO",124.3817606,-2
"576","CECO","C. cordulatus","CECO_old_2_2.1","old",2021-06-15,2021,"CZO",130.1788235,-1.36
"577","CECO","C. cordulatus","CECO_old_2_2.1","old",2021-07-09,2021,"CZO",172.1364938,-1.705
"578","CECO","C. cordulatus","CECO_old_2_2.1","old",2021-07-31,2021,"CZO",108.6582768,-2.235
"579","CECO","C. cordulatus","CECO_old_2_2.1","old",2021-08-20,2021,"CZO",99.671845,-3.125
"580","CECO","C. cordulatus","CECO_old_2_2.1","old",2021-09-17,2021,"CZO",73.14999525,-3.183333333
"581","CECO","C. cordulatus","CECO_old_2_2.1","old",2021-10-17,2021,"CZO",90.79119918,-2.835
"582","CECO","C. cordulatus","CECO_old_2_2.2","old",2021-05-14,2021,"CZO",146.2079836,-1.375
"583","CECO","C. cordulatus","CECO_old_2_2.2","old",2021-06-15,2021,"CZO",116.8895629,-1.045
"584","CECO","C. cordulatus","CECO_old_2_2.2","old",2021-07-09,2021,"CZO",176.0875143,-1.79
"585","CECO","C. cordulatus","CECO_old_2_2.2","old",2021-07-31,2021,"CZO",118.9376234,-1.906666667
"586","CECO","C. cordulatus","CECO_old_2_2.2","old",2021-08-20,2021,"CZO",104.150713,-2.895
"587","CECO","C. cordulatus","CECO_old_2_2.2","old",2021-09-17,2021,"CZO",99.79593152,-2.743333333
"588","CECO","C. cordulatus","CECO_old_2_2.2","old",2021-10-17,2021,"CZO",98.44357977,-2.575
"589","CECO","C. cordulatus","CECO_old_2_2.3","old",2021-05-14,2021,"CZO",109.1325093,-1.245
"590","CECO","C. cordulatus","CECO_old_2_2.3","old",2021-06-15,2021,"CZO",121.6524803,-1.295
"591","CECO","C. cordulatus","CECO_old_2_2.3","old",2021-07-09,2021,"CZO",177.5106274,-1.67
"592","CECO","C. cordulatus","CECO_old_2_2.3","old",2021-07-31,2021,"CZO",124.0539772,-1.93
"593","CECO","C. cordulatus","CECO_old_2_2.3","old",2021-08-20,2021,"CZO",97.65322397,-2.68
"594","CECO","C. cordulatus","CECO_old_2_2.3","old",2021-09-17,2021,"CZO",102.1774339,-2.906666667
"595","CECO","C. cordulatus","CECO_old_2_2.3","old",2021-10-17,2021,"CZO",102.0704543,-2
"596","CECO","C. cordulatus","CECO_old_2_2.4","old",2021-05-14,2021,"CZO",160.9414301,-1.205
"597","CECO","C. cordulatus","CECO_old_2_2.4","old",2021-06-15,2021,"CZO",155.2757299,-1.285
"598","CECO","C. cordulatus","CECO_old_2_2.4","old",2021-07-09,2021,"CZO",143.0413105,-1.733333333
"599","CECO","C. cordulatus","CECO_old_2_2.4","old",2021-07-31,2021,"CZO",118.1703813,-2.21
"600","CECO","C. cordulatus","CECO_old_2_2.4","old",2021-08-20,2021,"CZO",92.68296068,-2.26
"601","CECO","C. cordulatus","CECO_old_2_2.4","old",2021-09-17,2021,"CZO",90.55366108,-2.615
"602","CECO","C. cordulatus","CECO_old_2_2.4","old",2021-10-17,2021,"CZO",101.1989089,-1.425
"603","CECO","C. cordulatus","CECO_old_2_2.5","old",2021-05-14,2021,"CZO",127.8960527,-1.165
"604","CECO","C. cordulatus","CECO_old_2_2.5","old",2021-06-15,2021,"CZO",156.6139347,-1.143333333
"605","CECO","C. cordulatus","CECO_old_2_2.5","old",2021-07-09,2021,"CZO",181.7715446,-1.81
"606","CECO","C. cordulatus","CECO_old_2_2.5","old",2021-08-20,2021,"CZO",104.8625733,-2.285
"607","CECO","C. cordulatus","CECO_old_2_2.5","old",2021-09-17,2021,"CZO",88.00060911,-2.533333333
"608","CECO","C. cordulatus","CECO_old_2_2.5","old",2021-10-17,2021,"CZO",106.4289866,-1.71
"609","PIJE","P. jeffreyi","PIJE_N_1_1.1","new",2021-04-24,2021,"CZO",129.3963316,-0.88
"610","PIJE","P. jeffreyi","PIJE_N_1_1.2","new",2021-04-24,2021,"CZO",107.9474607,-1.13
"611","PIJE","P. jeffreyi","PIJE_N_1_1.4","new",2021-04-24,2021,"CZO",103.1629367,-1.13
"612","PIJE","P. jeffreyi","PIJE_N_1_1.5","new",2021-04-24,2021,"CZO",117.2271104,-1.275
"613","PIJE","P. jeffreyi","PIJE_N_1_1.6","new",2021-04-24,2021,"CZO",108.9111581,-1.28
"614","PIJE","P. jeffreyi","PIJE_New_1_1","new",2020-08-04,2020,"CZO",160.0049722,-2.545
"615","PIJE","P. jeffreyi","PIJE_New_1_1","new",2020-08-26,2020,"CZO",162.7884124,-2.2125
"616","PIJE","P. jeffreyi","PIJE_New_1_1","new",2020-10-19,2020,"SEKI",130.5198147,-2.2975
"617","PIJE","P. jeffreyi","PIJE_new_1_1.1","new",2021-05-15,2021,"CZO",109.6734842,-1.77
"618","PIJE","P. jeffreyi","PIJE_new_1_1.1","new",2021-07-08,2021,"CZO",195.9679988,-2.05
"619","PIJE","P. jeffreyi","PIJE_new_1_1.1","new",2021-07-30,2021,"CZO",153.7159991,-2.73
"620","PIJE","P. jeffreyi","PIJE_new_1_1.1","new",2021-08-19,2021,"CZO",295.7245592,-2.473333333
"621","PIJE","P. jeffreyi","PIJE_new_1_1.1","new",2021-09-16,2021,"CZO",164.5225188,-2.785
"622","PIJE","P. jeffreyi","PIJE_new_1_1.1","new",2021-10-16,2021,"CZO",145.0247798,-2.24
"623","PIJE","P. jeffreyi","PIJE_new_1_1.2","new",2021-05-15,2021,"CZO",97.4258467,-1.86
"624","PIJE","P. jeffreyi","PIJE_new_1_1.2","new",2021-06-16,2021,"CZO",238.3103822,-2.915
"625","PIJE","P. jeffreyi","PIJE_new_1_1.2","new",2021-07-08,2021,"CZO",176.7522602,-2.725
"626","PIJE","P. jeffreyi","PIJE_new_1_1.2","new",2021-07-30,2021,"CZO",150.2232304,-2.81
"627","PIJE","P. jeffreyi","PIJE_new_1_1.2","new",2021-08-19,2021,"CZO",147.2688142,-2.5
"628","PIJE","P. jeffreyi","PIJE_new_1_1.2","new",2021-09-16,2021,"CZO",97.22355831,-3.003333333
"629","PIJE","P. jeffreyi","PIJE_new_1_1.2","new",2021-10-16,2021,"CZO",127.7818792,-2.31
"630","PIJE","P. jeffreyi","PIJE_new_1_1.3","new",2021-05-15,2021,"CZO",98.84848219,-1.595
"631","PIJE","P. jeffreyi","PIJE_new_1_1.3","new",2021-06-16,2021,"CZO",251.8070978,-2.215
"632","PIJE","P. jeffreyi","PIJE_new_1_1.3","new",2021-07-08,2021,"CZO",180.4331793,-2.545
"633","PIJE","P. jeffreyi","PIJE_new_1_1.3","new",2021-07-30,2021,"CZO",151.2818307,-3.03
"634","PIJE","P. jeffreyi","PIJE_new_1_1.3","new",2021-09-16,2021,"CZO",154.3142212,-2.465
"635","PIJE","P. jeffreyi","PIJE_new_1_1.3","new",2021-10-16,2021,"CZO",138.1039872,-1.95
"636","PIJE","P. jeffreyi","PIJE_new_1_1.4","new",2021-05-15,2021,"CZO",95.35045518,-1.49
"637","PIJE","P. jeffreyi","PIJE_new_1_1.4","new",2021-07-08,2021,"CZO",225.1157723,-2.08
"638","PIJE","P. jeffreyi","PIJE_new_1_1.4","new",2021-07-08,2021,"CZO",154.1603603,-2.62
"639","PIJE","P. jeffreyi","PIJE_new_1_1.4","new",2021-07-30,2021,"CZO",111.2925375,-2.336666667
"640","PIJE","P. jeffreyi","PIJE_new_1_1.4","new",2021-08-19,2021,"CZO",56.9088379,-2.36
"641","PIJE","P. jeffreyi","PIJE_new_1_1.4","new",2021-09-16,2021,"CZO",116.836012,-2.67
"642","PIJE","P. jeffreyi","PIJE_new_1_1.4","new",2021-10-16,2021,"CZO",125.2084087,-1.675
"643","PIJE","P. jeffreyi","PIJE_new_1_1.5","new",2021-06-16,2021,"CZO",273.316913,-3.02
"644","PIJE","P. jeffreyi","PIJE_new_1_1.5","new",2021-07-08,2021,"CZO",203.848283,-2.2
"645","PIJE","P. jeffreyi","PIJE_new_1_1.5","new",2021-07-30,2021,"CZO",163.2239773,-2.33
"646","PIJE","P. jeffreyi","PIJE_new_1_1.5","new",2021-08-19,2021,"CZO",136.6686997,-2.07
"647","PIJE","P. jeffreyi","PIJE_new_1_1.5","new",2021-09-16,2021,"CZO",57.86318217,-2.195
"648","PIJE","P. jeffreyi","PIJE_new_1_1.5","new",2021-10-16,2021,"CZO",146.5459481,-1.68
"649","PIJE","P. jeffreyi","PIJE_new_1_1.6","new",2021-05-15,2021,"CZO",108.0045563,-1.265
"650","PIJE","P. jeffreyi","PIJE_new_1_1.6","new",2021-06-16,2021,"CZO",257.5630252,-2.475
"651","PIJE","P. jeffreyi","PIJE_new_1_1.6","new",2021-07-08,2021,"CZO",181.6213998,-1.495
"652","PIJE","P. jeffreyi","PIJE_new_1_1.6","new",2021-07-30,2021,"CZO",142.4598624,-2.35
"653","PIJE","P. jeffreyi","PIJE_new_1_1.6","new",2021-08-19,2021,"CZO",135.610396,-2.35
"654","PIJE","P. jeffreyi","PIJE_new_1_1.6","new",2021-09-16,2021,"CZO",131.73046,-2.755
"655","PIJE","P. jeffreyi","PIJE_new_1_1.6","new",2021-10-16,2021,"CZO",128.7328916,-1.71
"656","PIJE","P. jeffreyi","PIJE_New_1_2","new",2020-08-04,2020,"CZO",168.2416553,-2.5
"657","PIJE","P. jeffreyi","PIJE_New_1_2","new",2020-08-26,2020,"CZO",146.6145505,-2.391
"658","PIJE","P. jeffreyi","PIJE_New_1_3","new",2020-08-26,2020,"CZO",146.7154952,-2.583
"659","PIJE","P. jeffreyi","PIJE_New_1_4","new",2020-08-04,2020,"CZO",140.8168656,-2.5
"660","PIJE","P. jeffreyi","PIJE_New_1_4","new",2020-08-26,2020,"CZO",133.5603703,-2.466
"661","PIJE","P. jeffreyi","PIJE_New_1_5","new",2020-08-04,2020,"CZO",103.1400113,-2.64
"662","PIJE","P. jeffreyi","PIJE_New_1_5","new",2020-08-26,2020,"CZO",143.7079863,-2.7615
"663","PIJE","P. jeffreyi","PIJE_New_1_6","new",2020-08-04,2020,"CZO",147.4465809,-2.525
"664","PIJE","P. jeffreyi","PIJE_New_1_6","new",2020-08-26,2020,"CZO",138.1664815,-2.331
"665","PIJE","P. jeffreyi","PIJE_New_2_2","new",2020-10-19,2020,"SEKI",127.1193197,-2.9545
"666","PIJE","P. jeffreyi","PIJE_New_2_3","new",2020-10-19,2020,"SEKI",128.6168834,-3.343
"667","PIJE","P. jeffreyi","PIJE_New_2_4","new",2020-10-19,2020,"SEKI",134.9276003,-2.734
"668","PIJE","P. jeffreyi","PIJE_New_2_5","new",2020-10-19,2020,"SEKI",135.4219388,-2.871
"669","PIJE","P. jeffreyi","PIJE_New_2_6","new",2020-10-19,2020,"SEKI",128.9390273,-2.389
"670","PIJE","P. jeffreyi","PIJE_O_1_1.1","old",2021-04-24,2021,"CZO",110.760947,-0.88
"671","PIJE","P. jeffreyi","PIJE_O_1_1.2","old",2021-04-24,2021,"CZO",93.60528989,-1.13
"672","PIJE","P. jeffreyi","PIJE_O_1_1.3","old",2021-04-24,2021,"CZO",100.9473234,-1.275
"673","PIJE","P. jeffreyi","PIJE_O_1_1.3","old",2021-04-24,2021,"CZO",106.2587628,-1.13
"674","PIJE","P. jeffreyi","PIJE_O_1_1.4","old",2021-04-24,2021,"CZO",86.9029508,-1.28
"675","PIJE","P. jeffreyi","PIJE_O_1_1.5","old",2021-04-24,2021,"CZO",96.03702951,-1.25
"676","PIJE","P. jeffreyi","PIJE_O_1_1.6","old",2021-04-24,2021,"CZO",90.27451447,-1.13
"677","PIJE","P. jeffreyi","PIJE_Old_1_1","old",2020-08-04,2020,"CZO",114.1684828,-2.545
"678","PIJE","P. jeffreyi","PIJE_Old_1_1","old",2020-08-26,2020,"CZO",121.9914709,-2.2125
"679","PIJE","P. jeffreyi","PIJE_old_1_1.1","old",2021-05-15,2021,"CZO",87.82022544,-1.77
"680","PIJE","P. jeffreyi","PIJE_old_1_1.1","old",2021-06-16,2021,"CZO",98.08319161,-1.96
"681","PIJE","P. jeffreyi","PIJE_old_1_1.1","old",2021-07-08,2021,"CZO",118.5148087,-2.05
"682","PIJE","P. jeffreyi","PIJE_old_1_1.1","old",2021-08-19,2021,"CZO",112.9831024,-2.473333333
"683","PIJE","P. jeffreyi","PIJE_old_1_1.1","old",2021-09-16,2021,"CZO",123.2526287,-2.785
"684","PIJE","P. jeffreyi","PIJE_old_1_1.1","old",2021-10-16,2021,"CZO",111.5251153,-2.24
"685","PIJE","P. jeffreyi","PIJE_old_1_1.2","old",2021-05-15,2021,"CZO",81.3871521,-1.86
"686","PIJE","P. jeffreyi","PIJE_old_1_1.2","old",2021-06-16,2021,"CZO",86.0590638,-2.915
"687","PIJE","P. jeffreyi","PIJE_old_1_1.2","old",2021-07-08,2021,"CZO",94.13435584,-2.725
"688","PIJE","P. jeffreyi","PIJE_old_1_1.2","old",2021-08-19,2021,"CZO",98.90660867,-2.5
"689","PIJE","P. jeffreyi","PIJE_old_1_1.2","old",2021-09-16,2021,"CZO",103.1257255,-3.003333333
"690","PIJE","P. jeffreyi","PIJE_old_1_1.2","old",2021-10-16,2021,"CZO",99.59355568,-2.31
"691","PIJE","P. jeffreyi","PIJE_old_1_1.3","old",2021-05-15,2021,"CZO",90.36554954,-1.595
"692","PIJE","P. jeffreyi","PIJE_old_1_1.3","old",2021-06-16,2021,"CZO",85.15040352,-2.215
"693","PIJE","P. jeffreyi","PIJE_old_1_1.3","old",2021-07-08,2021,"CZO",96.02915284,-2.545
"694","PIJE","P. jeffreyi","PIJE_old_1_1.3","old",2021-08-19,2021,"CZO",96.67887189,-2.256666667
"695","PIJE","P. jeffreyi","PIJE_old_1_1.3","old",2021-09-16,2021,"CZO",94.02468497,-2.465
"696","PIJE","P. jeffreyi","PIJE_old_1_1.3","old",2021-10-16,2021,"CZO",116.7717689,-1.95
"697","PIJE","P. jeffreyi","PIJE_old_1_1.4","old",2021-05-15,2021,"CZO",82.67709691,-1.49
"698","PIJE","P. jeffreyi","PIJE_old_1_1.4","old",2021-06-16,2021,"CZO",78.19259337,-2.465
"699","PIJE","P. jeffreyi","PIJE_old_1_1.4","old",2021-07-08,2021,"CZO",97.50575193,-2.62
"700","PIJE","P. jeffreyi","PIJE_old_1_1.4","old",2021-08-19,2021,"CZO",100.0400771,-2.36
"701","PIJE","P. jeffreyi","PIJE_old_1_1.4","old",2021-09-16,2021,"CZO",90.84050762,-2.67
"702","PIJE","P. jeffreyi","PIJE_old_1_1.4","old",2021-10-16,2021,"CZO",96.1500666,-1.675
"703","PIJE","P. jeffreyi","PIJE_old_1_1.5","old",2021-06-16,2021,"CZO",90.4424476,-3.02
"704","PIJE","P. jeffreyi","PIJE_old_1_1.5","old",2021-07-08,2021,"CZO",104.7266543,-2.2
"705","PIJE","P. jeffreyi","PIJE_old_1_1.5","old",2021-08-19,2021,"CZO",101.7699502,-2.07
"706","PIJE","P. jeffreyi","PIJE_old_1_1.5","old",2021-09-16,2021,"CZO",103.2763533,-2.195
"707","PIJE","P. jeffreyi","PIJE_old_1_1.5","old",2021-10-16,2021,"CZO",125.5796141,-1.68
"708","PIJE","P. jeffreyi","PIJE_old_1_1.6","old",2021-05-15,2021,"CZO",88.784219,-1.265
"709","PIJE","P. jeffreyi","PIJE_old_1_1.6","old",2021-06-16,2021,"CZO",93.12428363,-2.475
"710","PIJE","P. jeffreyi","PIJE_old_1_1.6","old",2021-07-08,2021,"CZO",96.64743372,-1.495
"711","PIJE","P. jeffreyi","PIJE_old_1_1.6","old",2021-08-19,2021,"CZO",109.4378408,-2.35
"712","PIJE","P. jeffreyi","PIJE_old_1_1.6","old",2021-09-16,2021,"CZO",98.53505406,-2.755
"713","PIJE","P. jeffreyi","PIJE_old_1_1.6","old",2021-10-16,2021,"CZO",99.26729826,-1.71
"714","PIJE","P. jeffreyi","PIJE_Old_1_2","old",2020-08-04,2020,"CZO",105.7785396,-2.5
"715","PIJE","P. jeffreyi","PIJE_Old_1_3","old",2020-08-04,2020,"CZO",104.9124033,-2.18
"716","PIJE","P. jeffreyi","PIJE_Old_1_3","old",2020-08-26,2020,"CZO",117.0021908,-2.583
"717","PIJE","P. jeffreyi","PIJE_Old_1_4","old",2020-08-04,2020,"CZO",103.5976542,-2.5
"718","PIJE","P. jeffreyi","PIJE_Old_1_4","old",2020-08-26,2020,"CZO",104.972759,-2.466
"719","PIJE","P. jeffreyi","PIJE_Old_1_5","old",2020-08-04,2020,"CZO",103.8800773,-2.64
"720","PIJE","P. jeffreyi","PIJE_Old_1_5","old",2020-08-26,2020,"CZO",109.2441034,-2.7615
"721","PIJE","P. jeffreyi","PIJE_Old_1_6","old",2020-08-04,2020,"CZO",99.32443868,-2.525
"722","PIJE","P. jeffreyi","PIJE_Old_1_6","old",2020-08-26,2020,"CZO",107.5002897,-2.331
"723","QUKE","Q. kelloggii","QUKE_New_1_1","new",2020-08-04,2020,"CZO",101.8884819,-2.91
"724","QUKE","Q. kelloggii","QUKE_New_1_1","new",2020-08-26,2020,"CZO",105.2774849,-3.6655
"725","QUKE","Q. kelloggii","QUKE_New_1_1","new",2020-10-19,2020,"SEKI",89.65155087,-3.8435
"726","QUKE","Q. kelloggii","QUKE_New_1_2","new",2020-08-04,2020,"CZO",94.99868893,-2.6
"727","QUKE","Q. kelloggii","QUKE_New_1_2","new",2020-08-26,2020,"CZO",104.7241781,-3.177
"728","QUKE","Q. kelloggii","QUKE_New_1_2","new",2020-10-19,2020,"SEKI",84.36975632,-4.3985
"729","QUKE","Q. kelloggii","QUKE_New_1_3","new",2020-08-04,2020,"CZO",92.29246744,-2.975
"730","QUKE","Q. kelloggii","QUKE_New_1_3","new",2020-08-26,2020,"CZO",100.06866,-3.8585
"731","QUKE","Q. kelloggii","QUKE_New_1_3","new",2020-10-19,2020,"SEKI",99.54154524,-3.5565
"732","QUKE","Q. kelloggii","QUKE_New_1_4","new",2020-08-04,2020,"CZO",104.6512714,-3.49
"733","QUKE","Q. kelloggii","QUKE_New_1_4","new",2020-08-26,2020,"CZO",106.1939749,-3.691
"734","QUKE","Q. kelloggii","QUKE_New_1_4","new",2020-10-19,2020,"SEKI",89.25745619,-4.122
"735","QUKE","Q. kelloggii","QUKE_New_1_5","new",2020-08-04,2020,"CZO",94.54095081,-2.545
"736","QUKE","Q. kelloggii","QUKE_New_1_5","new",2020-08-26,2020,"CZO",103.3352938,-3.203
"737","QUKE","Q. kelloggii","QUKE_New_1_5","new",2020-10-19,2020,"SEKI",88.51532282,-3.9305
"738","QUKE","Q. kelloggii","QUKE_New_1_6","new",2020-08-04,2020,"CZO",93.17393413,-3.115
"739","QUKE","Q. kelloggii","QUKE_New_1_6","new",2020-08-26,2020,"CZO",89.31427893,-3.061
"740","QUKE","Q. kelloggii","QUKE_New_1_6","new",2020-10-19,2020,"SEKI",78.80889837,-2.4995
"741","QUKE","Q. kelloggii","QUKE_old_1_1.1","new",2021-06-16,2021,"CZO",186.6985534,-1.895
"742","QUKE","Q. kelloggii","QUKE_old_1_1.1","new",2021-07-08,2021,"CZO",69.57057443,-2.9
"743","QUKE","Q. kelloggii","QUKE_old_1_1.1","new",2021-07-30,2021,"CZO",107.7238093,-3.52
"744","QUKE","Q. kelloggii","QUKE_old_1_1.1","new",2021-08-19,2021,"CZO",101.6199305,-3.68
"745","QUKE","Q. kelloggii","QUKE_old_1_1.1","new",2021-09-16,2021,"CZO",101.2242525,-4.383333333
"746","QUKE","Q. kelloggii","QUKE_old_1_1.1","new",2021-10-16,2021,"CZO",101.5393922,-3.415
"747","QUKE","Q. kelloggii","QUKE_old_1_1.2","new",2021-06-16,2021,"CZO",128.8229489,-2.16
"748","QUKE","Q. kelloggii","QUKE_old_1_1.2","new",2021-07-08,2021,"CZO",111.499029,-2.83
"749","QUKE","Q. kelloggii","QUKE_old_1_1.2","new",2021-07-30,2021,"CZO",98.25927324,-3.205
"750","QUKE","Q. kelloggii","QUKE_old_1_1.2","new",2021-08-19,2021,"CZO",94.76302125,-3.355
"751","QUKE","Q. kelloggii","QUKE_old_1_1.2","new",2021-09-16,2021,"CZO",89.70374465,-3.076666667
"752","QUKE","Q. kelloggii","QUKE_old_1_1.2","new",2021-10-16,2021,"CZO",94.44287143,-3.31
"753","QUKE","Q. kelloggii","QUKE_old_1_1.3","new",2021-06-16,2021,"CZO",128.5107551,-2.375
"754","QUKE","Q. kelloggii","QUKE_old_1_1.3","new",2021-07-08,2021,"CZO",106.3207743,-3.65
"755","QUKE","Q. kelloggii","QUKE_old_1_1.3","new",2021-07-30,2021,"CZO",94.5972857,-4.145
"756","QUKE","Q. kelloggii","QUKE_old_1_1.3","new",2021-08-19,2021,"CZO",90.06370191,-3.753333333
"757","QUKE","Q. kelloggii","QUKE_old_1_1.3","new",2021-09-16,2021,"CZO",85.16810809,-4.425
"758","QUKE","Q. kelloggii","QUKE_old_1_1.3","new",2021-10-16,2021,"CZO",104.1753552,-3.99
"759","QUKE","Q. kelloggii","QUKE_old_1_1.4","new",2021-06-16,2021,"CZO",98.14276514,-3.586666667
"760","QUKE","Q. kelloggii","QUKE_old_1_1.4","new",2021-07-08,2021,"CZO",111.7130933,-3.66
"761","QUKE","Q. kelloggii","QUKE_old_1_1.4","new",2021-07-30,2021,"CZO",94.18793556,-3.86
"762","QUKE","Q. kelloggii","QUKE_old_1_1.4","new",2021-08-19,2021,"CZO",89.06004205,-3.54
"763","QUKE","Q. kelloggii","QUKE_old_1_1.4","new",2021-09-16,2021,"CZO",90.0102496,-4.115
"764","QUKE","Q. kelloggii","QUKE_old_1_1.4","new",2021-10-16,2021,"CZO",108.1937779,-3.52
"765","QUKE","Q. kelloggii","QUKE_old_1_1.5","new",2021-06-16,2021,"CZO",221.6198325,-1.69
"766","QUKE","Q. kelloggii","QUKE_old_1_1.5","new",2021-07-08,2021,"CZO",117.004306,-2.99
"767","QUKE","Q. kelloggii","QUKE_old_1_1.5","new",2021-07-30,2021,"CZO",108.3156145,-3.235
"768","QUKE","Q. kelloggii","QUKE_old_1_1.5","new",2021-08-19,2021,"CZO",97.65226671,-3.01
"769","QUKE","Q. kelloggii","QUKE_old_1_1.5","new",2021-09-16,2021,"CZO",106.3481037,-2.735
"770","QUKE","Q. kelloggii","QUKE_old_1_1.6","new",2021-06-16,2021,"CZO",208.8373526,-1.716666667
"771","QUKE","Q. kelloggii","QUKE_old_1_1.6","new",2021-07-08,2021,"CZO",122.6487504,-2.735
"772","QUKE","Q. kelloggii","QUKE_old_1_1.6","new",2021-07-30,2021,"CZO",90.28462412,-3.075
"773","QUKE","Q. kelloggii","QUKE_old_1_1.6","new",2021-08-19,2021,"CZO",90.6104442,-3.09
"774","QUKE","Q. kelloggii","QUKE_old_1_1.6","new",2021-09-16,2021,"CZO",92.36416696,-3.67
"775","QUKE","Q. kelloggii","QUKE_old_1_1.6","new",2021-10-16,2021,"CZO",101.9237184,-3.04
